1267001,"http://www.systembolaget.se/dryck/roda-viner/el-coto-1267001","<3,0 g/l"
646301,"http://www.systembolaget.se/dryck/vita-viner/penfolds-koonunga-hill-646301","<3 g/l"
1651001,"http://www.systembolaget.se/dryck/roda-viner/vina-maipo-1651001","3 g/l"
591401,"http://www.systembolaget.se/dryck/vita-viner/ruppertsberger-hofstuck-591401","26 g/l"
1241101,"http://www.systembolaget.se/dryck/vita-viner/dunavar-1241101","4 g/l"
1241901,"http://www.systembolaget.se/dryck/vita-viner/casal-di-serra-classico-superiore-1241901","4 g/l"
1235701,"http://www.systembolaget.se/dryck/roda-viner/brunello-di-montalcino-1235701","<3 g/l"
1236301,"http://www.systembolaget.se/dryck/roda-viner/amarone-classico-1236301","5 g/l"
1236601,"http://www.systembolaget.se/dryck/roda-viner/capitel-deroari-1236601","5 g/l"
1269701,"http://www.systembolaget.se/dryck/roda-viner/torres-gran-coronas-1269701","<3 g/l"
1260101,"http://www.systembolaget.se/dryck/roda-viner/conde-de-valdemar-1260101","<3 g/l"
1653801,"http://www.systembolaget.se/dryck/roda-viner/turning-leaf-1653801","4 g/l"
1238501,"http://www.systembolaget.se/dryck/roda-viner/zenato-1238501","5 g/l"
1663201,"http://www.systembolaget.se/dryck/vita-viner/bonterra-1663201","3 g/l"
408701,"http://www.systembolaget.se/dryck/vita-viner/chateau-menota-408701","87 g/l"
408702,"http://www.systembolaget.se/dryck/vita-viner/chateau-menota-408702","87 g/l"
1261501,"http://www.systembolaget.se/dryck/roda-viner/vina-herminia-1261501","<3 g/l"
2231001,"http://www.systembolaget.se/dryck/roda-viner/lambrusco-reggiano-2231001","57 g/l"
1655401,"http://www.systembolaget.se/dryck/roda-viner/trapiche-1655401","3 g/l"
1252001,"http://www.systembolaget.se/dryck/roda-viner/dao-1252001","<3 g/l"
1216901,"http://www.systembolaget.se/dryck/vita-viner/pinot-blanc-1216901","3 g/l"
1280401,"http://www.systembolaget.se/dryck/roda-viner/reserve-de-la-condamine-1280401","<3 g/l"
2265201,"http://www.systembolaget.se/dryck/roda-viner/navajas-2265201","<3,0 g/l"
1219101,"http://www.systembolaget.se/dryck/vita-viner/riesling-1219101","3 g/l"
1292002,"http://www.systembolaget.se/dryck/vita-viner/lenz-moser-1292002","189 g/l"
1280808,"http://www.systembolaget.se/dryck/roda-viner/jp-chenet-1280808","5 g/l"
2235001,"http://www.systembolaget.se/dryck/roda-viner/tommasi-2235001","7 g/l"
679202,"http://www.systembolaget.se/dryck/roda-viner/campolieti-679202","3 g/l"
1207401,"http://www.systembolaget.se/dryck/vita-viner/drostdy-hof-1207401","<3 g/l"
206601,"http://www.systembolaget.se/dryck/roda-viner/jacobs-creek-206601","5 g/l"
207501,"http://www.systembolaget.se/dryck/vita-viner/casillero-del-diablo-207501","<3 g/l"
207502,"http://www.systembolaget.se/dryck/vita-viner/casillero-del-diablo-207502","<3 g/l"
207701,"http://www.systembolaget.se/dryck/roda-viner/copertino-207701","4 g/l"
1267002,"http://www.systembolaget.se/dryck/roda-viner/el-coto-1267002","<3,0 g/l"
278002,"http://www.systembolaget.se/dryck/vita-viner/el-coto-278002","<3,0 g/l"
210601,"http://www.systembolaget.se/dryck/vita-viner/lindemans-bin--210601","-"
210602,"http://www.systembolaget.se/dryck/vita-viner/lindemans-bin--210602","-"
1275501,"http://www.systembolaget.se/dryck/roda-viner/torres-san-valentin-1275501","<3,0 g/l"
412801,"http://www.systembolaget.se/dryck/vita-viner/chateau-de-rochemorin-blanc-412801","<3 g/l"
2280001,"http://www.systembolaget.se/dryck/roda-viner/parallele--2280001","-"
1280801,"http://www.systembolaget.se/dryck/roda-viner/jp-chenet-1280801","5 g/l"
746908,"http://www.systembolaget.se/dryck/vita-viner/konigsmosel-746908","-"
1632001,"http://www.systembolaget.se/dryck/roda-viner/penfolds-kalimna-bin--1632001","-"
268602,"http://www.systembolaget.se/dryck/roda-viner/torres-gran-sangre-de-toro-268602","<3 g/l"
558201,"http://www.systembolaget.se/dryck/vita-viner/chablis-grand-cru-558201","<3 g/l"
1224401,"http://www.systembolaget.se/dryck/vita-viner/marie-dalsace-1224401","<3 g/l"
217301,"http://www.systembolaget.se/dryck/vita-viner/dopff-amp-irion-217301","-"
1666901,"http://www.systembolaget.se/dryck/roda-viner/fetzer-1666901","3 g/l"
217601,"http://www.systembolaget.se/dryck/vita-viner/gewurztraminer-217601","<3 g/l"
218701,"http://www.systembolaget.se/dryck/vita-viner/comtes-disenbourg-218701","18 g/l"
416004,"http://www.systembolaget.se/dryck/vita-viner/prins-oliver-416004","<3,0 g/l"
558701,"http://www.systembolaget.se/dryck/vita-viner/chablis-premier-cru-558701","<3 g/l"
558801,"http://www.systembolaget.se/dryck/vita-viner/petit-chablis-558801","<3,0 g/l"
1667601,"http://www.systembolaget.se/dryck/roda-viner/sunrise-1667601","<3 g/l"
395801,"http://www.systembolaget.se/dryck/roda-viner/chateau-de-seguin-395801","<3 g/l"
756408,"http://www.systembolaget.se/dryck/roda-viner/gato-negro-756408","<3 g/l"
418401,"http://www.systembolaget.se/dryck/vita-viner/villa-garros-418401","<3,0 g/l"
234401,"http://www.systembolaget.se/dryck/roda-viner/fantini-234401","6 g/l"
1279701,"http://www.systembolaget.se/dryck/roda-viner/castillo-de-gredos-1279701","<3 g/l"
1279801,"http://www.systembolaget.se/dryck/vita-viner/castillo-de-gredos-1279801","<3 g/l"
1234701,"http://www.systembolaget.se/dryck/vita-viner/prego-bianco-1234701","10 g/l"
1237801,"http://www.systembolaget.se/dryck/roda-viner/prego-rosso-1237801","11 g/l"
1279901,"http://www.systembolaget.se/dryck/roda-viner/muriel-1279901","<3 g/l"
600102,"http://www.systembolaget.se/dryck/vita-viner/marques-de-riscal-600102","<3,0 g/l"
224501,"http://www.systembolaget.se/dryck/vita-viner/sancerre-224501","<3 g/l"
2266201,"http://www.systembolaget.se/dryck/roda-viner/faustino-vii-2266201","<3 g/l"
230001,"http://www.systembolaget.se/dryck/roda-viner/villa-antinori-230001","<3 g/l"
230501,"http://www.systembolaget.se/dryck/roda-viner/barolo-230501","<3 g/l"
1236602,"http://www.systembolaget.se/dryck/roda-viner/capitel-deroari-1236602","5 g/l"
231001,"http://www.systembolaget.se/dryck/roda-viner/ruffino-231001","<3 g/l"
231002,"http://www.systembolaget.se/dryck/roda-viner/ruffino-231002","<3 g/l"
206001,"http://www.systembolaget.se/dryck/vita-viner/cacadu-ridge-206001","7 g/l"
201001,"http://www.systembolaget.se/dryck/roda-viner/cacadu-ridge-201001","5 g/l"
1228401,"http://www.systembolaget.se/dryck/vita-viner/biecher-1228401","10 g/l"
277501,"http://www.systembolaget.se/dryck/vita-viner/domaene-gobelsburg-277501","<3,0 g/l"
604508,"http://www.systembolaget.se/dryck/vita-viner/black-tower-604508","29 g/l"
277301,"http://www.systembolaget.se/dryck/roda-viner/briccotondo-277301","4 g/l"
270501,"http://www.systembolaget.se/dryck/roda-viner/brolio-270501","<3 g/l"
272701,"http://www.systembolaget.se/dryck/roda-viner/cappello-di-prete-272701","3 g/l"
243001,"http://www.systembolaget.se/dryck/vita-viner/chablis-243001","<3 g/l"
1643401,"http://www.systembolaget.se/dryck/vita-viner/jacobs-creek-1643401","<3 g/l"
279901,"http://www.systembolaget.se/dryck/vita-viner/winkl-279901","<3 g/l"
1236302,"http://www.systembolaget.se/dryck/roda-viner/amarone-classico-1236302","5 g/l"
234101,"http://www.systembolaget.se/dryck/roda-viner/vivati-234101","10 g/l"
457001,"http://www.systembolaget.se/dryck/roda-viner/club-privado-457001","<3 g/l"
559501,"http://www.systembolaget.se/dryck/vita-viner/chablis-vieilles-vignes-559501","<3 g/l"
411502,"http://www.systembolaget.se/dryck/vita-viner/chateau-grillon-411502","114 g/l"
237301,"http://www.systembolaget.se/dryck/roda-viner/terreno-237301","<3,0 g/l"
234501,"http://www.systembolaget.se/dryck/roda-viner/masi-234501","8 g/l"
2267401,"http://www.systembolaget.se/dryck/roda-viner/vina-albali-2267401","<3,0 g/l"
636908,"http://www.systembolaget.se/dryck/vita-viner/california-white-636908","<3,0 g/l"
270801,"http://www.systembolaget.se/dryck/roda-viner/azabache-270801","<3 g/l"
2267901,"http://www.systembolaget.se/dryck/roda-viner/senorio-de-los-llanos-2267901","<3 g/l"
2205501,"http://www.systembolaget.se/dryck/roda-viner/jacobsdal-2205501","<3 g/l"
1280804,"http://www.systembolaget.se/dryck/roda-viner/jp-chenet-1280804","5 g/l"
8319201,"http://www.systembolaget.se/dryck/roda-viner/chambolle-musigny-8319201","<3 g/l"
261201,"http://www.systembolaget.se/dryck/roda-viner/marques-de-murrieta-261201","<3 g/l"
241001,"http://www.systembolaget.se/dryck/vita-viner/fontana-candida-241001","<3,0 g/l"
241002,"http://www.systembolaget.se/dryck/vita-viner/fontana-candida-241002","<3,0 g/l"
290308,"http://www.systembolaget.se/dryck/vita-viner/chapel-hill-290308","16 g/l"
682308,"http://www.systembolaget.se/dryck/roda-viner/killawarra-682308","10 g/l"
241901,"http://www.systembolaget.se/dryck/roda-viner/serego-alighieri-vaio-armaron-241901","6 g/l"
243801,"http://www.systembolaget.se/dryck/vita-viner/jacobs-creek-243801","<3 g/l"
513508,"http://www.systembolaget.se/dryck/vita-viner/moselland-513508","31 g/l"
245901,"http://www.systembolaget.se/dryck/vita-viner/torres-gran-vina-sol-245901","<3,0 g/l"
2600101,"http://www.systembolaget.se/dryck/roda-viner/ravenswood-2600101","<3 g/l"
2262001,"http://www.systembolaget.se/dryck/roda-viner/bonterra-2262001","<3,0 g/l"
290708,"http://www.systembolaget.se/dryck/vita-viner/pasqua-sanzeno-290708","5 g/l"
631001,"http://www.systembolaget.se/dryck/vita-viner/california-white-631001","4 g/l"
252501,"http://www.systembolaget.se/dryck/roda-viner/baron-de-ley-252501","<3 g/l"
694208,"http://www.systembolaget.se/dryck/roda-viner/rawsons-retreat-694208","4 g/l"
2242401,"http://www.systembolaget.se/dryck/vita-viner/moncaro-2242401","5 g/l"
255401,"http://www.systembolaget.se/dryck/vita-viner/la-salle-255401","81 g/l"
576501,"http://www.systembolaget.se/dryck/vita-viner/chablis-576501","<3 g/l"
257301,"http://www.systembolaget.se/dryck/roda-viner/marques-de-riscal-257301","<3 g/l"
257401,"http://www.systembolaget.se/dryck/roda-viner/periquita-257401","<3 g/l"
259601,"http://www.systembolaget.se/dryck/vita-viner/casal-garcia-259601","9 g/l"
524401,"http://www.systembolaget.se/dryck/vita-viner/gustave-lorentz-524401","14 g/l"
1217401,"http://www.systembolaget.se/dryck/roda-viner/hidden-rock-1217401","4 g/l"
1200001,"http://www.systembolaget.se/dryck/vita-viner/vicars-choice-1200001","<3 g/l"
685301,"http://www.systembolaget.se/dryck/roda-viner/adobe-685301","<3 g/l"
262001,"http://www.systembolaget.se/dryck/roda-viner/la-revedere-262001","17 g/l"
528401,"http://www.systembolaget.se/dryck/vita-viner/pouilly-fume-528401","<3,0 g/l"
210801,"http://www.systembolaget.se/dryck/vita-viner/hugel-gentil-210801","<3 g/l"
273401,"http://www.systembolaget.se/dryck/roda-viner/marques-de-caceres-273401","<3 g/l"
699802,"http://www.systembolaget.se/dryck/roda-viner/masi-699802","<3 g/l"
262501,"http://www.systembolaget.se/dryck/vita-viner/la-revedere-262501","22 g/l"
601808,"http://www.systembolaget.se/dryck/roda-viner/cotes-du-rhone-601808","<3 g/l"
717901,"http://www.systembolaget.se/dryck/vita-viner/torricella-717901","4 g/l"
730601,"http://www.systembolaget.se/dryck/roda-viner/langhe-730601","<3 g/l"
437601,"http://www.systembolaget.se/dryck/vita-viner/domaene-gobelsburg-437601","5 g/l"
263901,"http://www.systembolaget.se/dryck/vita-viner/trimbach-263901","3 g/l"
3236402,"http://www.systembolaget.se/dryck/roda-viner/mauro-3236402","5 g/l"
264301,"http://www.systembolaget.se/dryck/roda-viner/montecillo-264301","<3,0 g/l"
221101,"http://www.systembolaget.se/dryck/roda-viner/domaine-du-vieux-lazaret-221101","<3 g/l"
267001,"http://www.systembolaget.se/dryck/vita-viner/rene-barbier-267001","35 g/l"
267002,"http://www.systembolaget.se/dryck/vita-viner/rene-barbier-267002","35 g/l"
2266202,"http://www.systembolaget.se/dryck/roda-viner/faustino-vii-2266202","<3 g/l"
267801,"http://www.systembolaget.se/dryck/roda-viner/faustino-i-267801","<3 g/l"
268501,"http://www.systembolaget.se/dryck/roda-viner/senorio-de-los-llanos-268501","<3 g/l"
268601,"http://www.systembolaget.se/dryck/roda-viner/torres-gran-sangre-de-toro-268601","<3 g/l"
227001,"http://www.systembolaget.se/dryck/roda-viner/le-bistro-227001","5 g/l"
745108,"http://www.systembolaget.se/dryck/roda-viner/roodeberg-745108","<3 g/l"
613908,"http://www.systembolaget.se/dryck/roda-viner/ramos-613908","4 g/l"
620201,"http://www.systembolaget.se/dryck/vita-viner/hunters-620201","<3 g/l"
2225706,"http://www.systembolaget.se/dryck/vita-viner/gustave-lorentz-2225706","4 g/l"
413601,"http://www.systembolaget.se/dryck/vita-viner/chateau-coucheroy-413601","<3,0 g/l"
562101,"http://www.systembolaget.se/dryck/vita-viner/laroche-562101","<3 g/l"
500301,"http://www.systembolaget.se/dryck/roda-viner/beaujolais-villages-500301","<3 g/l"
271001,"http://www.systembolaget.se/dryck/roda-viner/marques-de-arienzo-271001","<3,0 g/l"
271002,"http://www.systembolaget.se/dryck/roda-viner/marques-de-arienzo-271002","<3,0 g/l"
651901,"http://www.systembolaget.se/dryck/roda-viner/sunrise-651901","3 g/l"
653201,"http://www.systembolaget.se/dryck/roda-viner/santa-helena-653201","<3,0 g/l"
512306,"http://www.systembolaget.se/dryck/roda-viner/masi-campofiorin-512306","<3 g/l"
219001,"http://www.systembolaget.se/dryck/vita-viner/pierre-sparr-219001","7 g/l"
207504,"http://www.systembolaget.se/dryck/vita-viner/casillero-del-diablo-207504","<3 g/l"
296204,"http://www.systembolaget.se/dryck/roda-viner/casillero-del-diablo-296204","<3 g/l"
1215701,"http://www.systembolaget.se/dryck/roda-viner/foot-of-africa-1215701","<3 g/l"
1667604,"http://www.systembolaget.se/dryck/roda-viner/sunrise-1667604","<3 g/l"
8191201,"http://www.systembolaget.se/dryck/vita-viner/wachenheimer-riesling-8191201","<3 g/l"
532701,"http://www.systembolaget.se/dryck/roda-viner/christian-moueix-532701","<3 g/l"
278601,"http://www.systembolaget.se/dryck/roda-viner/campo-viejo-278601","<3 g/l"
631201,"http://www.systembolaget.se/dryck/roda-viner/elvis-the-king-631201","8 g/l"
658101,"http://www.systembolaget.se/dryck/roda-viner/cameleon-658101","3 g/l"
658102,"http://www.systembolaget.se/dryck/roda-viner/cameleon-658102","3 g/l"
202601,"http://www.systembolaget.se/dryck/roda-viner/meerlust-202601","<3 g/l"
274102,"http://www.systembolaget.se/dryck/vita-viner/nederburg-274102","88 g/l"
1601501,"http://www.systembolaget.se/dryck/roda-viner/saint-clair-1601501","<3 g/l"
645601,"http://www.systembolaget.se/dryck/vita-viner/saint-clair-645601","10 g/l"
601202,"http://www.systembolaget.se/dryck/vita-viner/el-cortejo-601202","<3 g/l"
659701,"http://www.systembolaget.se/dryck/roda-viner/gnarly-head-659701","4 g/l"
633801,"http://www.systembolaget.se/dryck/roda-viner/wolf-blass-eaglehawk-633801","6 g/l"
206908,"http://www.systembolaget.se/dryck/vita-viner/drostdy-hof-206908","4 g/l"
644901,"http://www.systembolaget.se/dryck/vita-viner/aussie-great-white-644901","4 g/l"
645101,"http://www.systembolaget.se/dryck/roda-viner/aussie-kangarouge-645101","5 g/l"
281106,"http://www.systembolaget.se/dryck/roda-viner/chateau-mont-redon-281106","<3 g/l"
281102,"http://www.systembolaget.se/dryck/roda-viner/chateau-mont-redon-281102","<3 g/l"
749602,"http://www.systembolaget.se/dryck/vita-viner/jacobs-creek-749602","<3 g/l"
206602,"http://www.systembolaget.se/dryck/roda-viner/jacobs-creek-206602","5 g/l"
532801,"http://www.systembolaget.se/dryck/roda-viner/monti-garbi-532801","9 g/l"
1230008,"http://www.systembolaget.se/dryck/roda-viner/barone-ricasoli-1230008","5 g/l"
236701,"http://www.systembolaget.se/dryck/roda-viner/farnese-236701","3 g/l"
7344501,"http://www.systembolaget.se/dryck/roda-viner/chateau-la-grave-a-pomerol-7344501","<3 g/l"
721801,"http://www.systembolaget.se/dryck/vita-viner/dr-l-721801","25 g/l"
241501,"http://www.systembolaget.se/dryck/vita-viner/masi-masianco-241501","4 g/l"
395806,"http://www.systembolaget.se/dryck/roda-viner/chateau-de-seguin-395806","<3 g/l"
256601,"http://www.systembolaget.se/dryck/vita-viner/gazela-256601","10 g/l"
289901,"http://www.systembolaget.se/dryck/vita-viner/pinot-gris-289901","7 g/l"
289902,"http://www.systembolaget.se/dryck/vita-viner/pinot-gris-289902","7 g/l"
3234101,"http://www.systembolaget.se/dryck/roda-viner/le-tense-3234101","<3 g/l"
723001,"http://www.systembolaget.se/dryck/vita-viner/relax-723001","41 g/l"
290301,"http://www.systembolaget.se/dryck/vita-viner/chapel-hill-290301","16 g/l"
238601,"http://www.systembolaget.se/dryck/roda-viner/masi-238601","4 g/l"
512302,"http://www.systembolaget.se/dryck/roda-viner/masi-campofiorin-512302","<3 g/l"
221102,"http://www.systembolaget.se/dryck/roda-viner/domaine-du-vieux-lazaret-221102","<3 g/l"
292802,"http://www.systembolaget.se/dryck/vita-viner/st-stephans-crown-292802","105 g/l"
1279708,"http://www.systembolaget.se/dryck/roda-viner/castillo-de-gredos-1279708","<3 g/l"
1279808,"http://www.systembolaget.se/dryck/vita-viner/castillo-de-gredos-1279808","<3 g/l"
270502,"http://www.systembolaget.se/dryck/roda-viner/brolio-270502","<3 g/l"
579801,"http://www.systembolaget.se/dryck/vita-viner/couvent-des-jacobins-579801","<3 g/l"
251701,"http://www.systembolaget.se/dryck/vita-viner/yarden-251701","3 g/l"
223301,"http://www.systembolaget.se/dryck/roda-viner/chateau-pech-latt-223301","<3 g/l"
296201,"http://www.systembolaget.se/dryck/roda-viner/casillero-del-diablo-296201","<3 g/l"
296202,"http://www.systembolaget.se/dryck/roda-viner/casillero-del-diablo-296202","<3 g/l"
2243801,"http://www.systembolaget.se/dryck/vita-viner/bianco-vino-italiano-2243801","5 g/l"
8253101,"http://www.systembolaget.se/dryck/roda-viner/bouchard-aine-8253101","<3 g/l"
8253401,"http://www.systembolaget.se/dryck/vita-viner/bouchard-aine-8253401","<3 g/l"
584408,"http://www.systembolaget.se/dryck/vita-viner/fm-584408","28 g/l"
564801,"http://www.systembolaget.se/dryck/vita-viner/chassagne-montrachet-564801","<3,0 g/l"
3236101,"http://www.systembolaget.se/dryck/roda-viner/masi-brolo-campofiorin-oro-3236101","<3 g/l"
458608,"http://www.systembolaget.se/dryck/roda-viner/rocca-di-montemassi-458608","8 g/l"
232201,"http://www.systembolaget.se/dryck/roda-viner/il-conte-232201","3 g/l"
235501,"http://www.systembolaget.se/dryck/roda-viner/valle-reale-235501","6 g/l"
230402,"http://www.systembolaget.se/dryck/roda-viner/domini-veneti-230402","138 g/l"
8262301,"http://www.systembolaget.se/dryck/vita-viner/cloudy-bay-8262301","<3 g/l"
208501,"http://www.systembolaget.se/dryck/vita-viner/bellingham-208501","<3 g/l"
208502,"http://www.systembolaget.se/dryck/vita-viner/bellingham-208502","<3 g/l"
661201,"http://www.systembolaget.se/dryck/vita-viner/catena-661201","4 g/l"
420001,"http://www.systembolaget.se/dryck/vita-viner/leth-420001","<3,0 g/l"
546001,"http://www.systembolaget.se/dryck/roda-viner/bourgogne-hautes-cotes-de-nuits-546001","<3,0 g/l"
392501,"http://www.systembolaget.se/dryck/roda-viner/chateau-belgrave-392501","<3,0 g/l"
205607,"http://www.systembolaget.se/dryck/roda-viner/bellingham-205607","<3,0 g/l"
3236401,"http://www.systembolaget.se/dryck/roda-viner/mauro-3236401","5 g/l"
3236701,"http://www.systembolaget.se/dryck/roda-viner/canaletto-3236701","12 g/l"
2233508,"http://www.systembolaget.se/dryck/roda-viner/candidato-ecologico-2233508","<3 g/l"
220401,"http://www.systembolaget.se/dryck/roda-viner/chateau-bouscasse-220401","<3,0 g/l"
649801,"http://www.systembolaget.se/dryck/vita-viner/stoneleigh-649801","10 g/l"
222701,"http://www.systembolaget.se/dryck/vita-viner/pouilly-fume-222701","<3,0 g/l"
200501,"http://www.systembolaget.se/dryck/roda-viner/allesverloren-200501","<3,0 g/l"
625701,"http://www.systembolaget.se/dryck/vita-viner/kloster-eberbach-625701","55 g/l"
568801,"http://www.systembolaget.se/dryck/vita-viner/bourgogne-blanc-568801","<3,0 g/l"
272301,"http://www.systembolaget.se/dryck/roda-viner/rocca-guicciarda-272301","<3,0 g/l"
272302,"http://www.systembolaget.se/dryck/roda-viner/rocca-guicciarda-272302","<3,0 g/l"
585008,"http://www.systembolaget.se/dryck/vita-viner/tania-585008","34 g/l"
2228008,"http://www.systembolaget.se/dryck/vita-viner/chill-out-2228008","4 g/l"
1203808,"http://www.systembolaget.se/dryck/roda-viner/drostdy-hof-1203808","5 g/l"
637401,"http://www.systembolaget.se/dryck/roda-viner/lindemans-bin-0-637401","-"
1235501,"http://www.systembolaget.se/dryck/roda-viner/inycon-1235501","11 g/l"
694202,"http://www.systembolaget.se/dryck/roda-viner/rawsons-retreat-694202","4 g/l"
232202,"http://www.systembolaget.se/dryck/roda-viner/il-conte-232202","3 g/l"
1651008,"http://www.systembolaget.se/dryck/roda-viner/vina-maipo-1651008","3 g/l"
668501,"http://www.systembolaget.se/dryck/roda-viner/vina-maipo-668501","3 g/l"
308302,"http://www.systembolaget.se/dryck/roda-viner/chateau-la-tour-de-by-308302","<3,0 g/l"
355001,"http://www.systembolaget.se/dryck/roda-viner/chateau-labadie-355001","<3,0 g/l"
203201,"http://www.systembolaget.se/dryck/vita-viner/simonsig-203201","<3 g/l"
625302,"http://www.systembolaget.se/dryck/roda-viner/penfolds-koonunga-hill-625302","<3 g/l"
665601,"http://www.systembolaget.se/dryck/vita-viner/sunrise-665601","5 g/l"
3215201,"http://www.systembolaget.se/dryck/roda-viner/tignanello-3215201","<3 g/l"
638301,"http://www.systembolaget.se/dryck/roda-viner/brown-brothers-638301","<3 g/l"
2232801,"http://www.systembolaget.se/dryck/roda-viner/chianti-classico-riserva-2232801","<3 g/l"
602301,"http://www.systembolaget.se/dryck/vita-viner/penfolds-thomas-hyland-602301","<3 g/l"
231508,"http://www.systembolaget.se/dryck/roda-viner/raccolto-231508","7 g/l"
4230201,"http://www.systembolaget.se/dryck/roda-viner/brunello-di-montalcino-4230201","<3,0 g/l"
640301,"http://www.systembolaget.se/dryck/vita-viner/de-bortoli-640301","25 g/l"
650601,"http://www.systembolaget.se/dryck/roda-viner/kevin-arnold-650601","2 g/l"
588201,"http://www.systembolaget.se/dryck/vita-viner/a-christmann-588201","3 g/l"
278801,"http://www.systembolaget.se/dryck/roda-viner/vina-albali-278801","<3 g/l"
226201,"http://www.systembolaget.se/dryck/roda-viner/la-bastide-blanche-226201","<3 g/l"
236501,"http://www.systembolaget.se/dryck/roda-viner/barbera-dalba-236501","<3 g/l"
1234302,"http://www.systembolaget.se/dryck/roda-viner/a-1234302","9 g/l"
1234301,"http://www.systembolaget.se/dryck/roda-viner/a-1234301","9 g/l"
2230001,"http://www.systembolaget.se/dryck/roda-viner/fontanafredda-ebbio-2230001","<3,0 g/l"
223601,"http://www.systembolaget.se/dryck/roda-viner/chateau-gratien-223601","<3,0 g/l"
273701,"http://www.systembolaget.se/dryck/roda-viner/finca-el-puig-273701","<3 g/l"
269601,"http://www.systembolaget.se/dryck/vita-viner/orballo-269601","<3 g/l"
3245202,"http://www.systembolaget.se/dryck/roda-viner/raccolto-3245202","7 g/l"
1235702,"http://www.systembolaget.se/dryck/roda-viner/brunello-di-montalcino-1235702","<3,0 g/l"
1210501,"http://www.systembolaget.se/dryck/vita-viner/hubert-beck-1210501","15 g/l"
415101,"http://www.systembolaget.se/dryck/vita-viner/chateau-bonnet-415101","<3,0 g/l"
279601,"http://www.systembolaget.se/dryck/roda-viner/husets-roda-279601","16 g/l"
2225702,"http://www.systembolaget.se/dryck/vita-viner/gustave-lorentz-2225702","4 g/l"
280002,"http://www.systembolaget.se/dryck/roda-viner/crozes-hermitage-280002","<3 g/l"
357001,"http://www.systembolaget.se/dryck/roda-viner/chateau-de-seguin-357001","<3,0 g/l"
1250202,"http://www.systembolaget.se/dryck/vita-viner/fasoli-gino-1250202","<3 g/l"
2273501,"http://www.systembolaget.se/dryck/vita-viner/husets-vita-2273501","16 g/l"
2213901,"http://www.systembolaget.se/dryck/vita-viner/les-fumees-blanches-2213901","7 g/l"
642701,"http://www.systembolaget.se/dryck/vita-viner/stoneleigh-642701","<3 g/l"
2235002,"http://www.systembolaget.se/dryck/roda-viner/tommasi-2235002","7 g/l"
1241801,"http://www.systembolaget.se/dryck/vita-viner/inycon-1241801","5 g/l"
3240908,"http://www.systembolaget.se/dryck/roda-viner/il-conte-3240908","5 g/l"
504201,"http://www.systembolaget.se/dryck/vita-viner/deidesheimer-herrgottsacker-504201","36 g/l"
3241001,"http://www.systembolaget.se/dryck/roda-viner/primicia-3241001","<3 g/l"
3241201,"http://www.systembolaget.se/dryck/roda-viner/allegro-3241201","5 g/l"
655601,"http://www.systembolaget.se/dryck/roda-viner/trio-655601","<3 g/l"
634001,"http://www.systembolaget.se/dryck/vita-viner/the-hermit-crab-634001","4 g/l"
510601,"http://www.systembolaget.se/dryck/roda-viner/morgon-510601","<3 g/l"
512301,"http://www.systembolaget.se/dryck/roda-viner/masi-campofiorin-512301","<3 g/l"
669001,"http://www.systembolaget.se/dryck/roda-viner/-deadly-zins-669001","-"
669401,"http://www.systembolaget.se/dryck/roda-viner/irony-669401","4 g/l"
256001,"http://www.systembolaget.se/dryck/roda-viner/periquita-256001","6 g/l"
357701,"http://www.systembolaget.se/dryck/vita-viner/saint-clair-357701","<3 g/l"
239301,"http://www.systembolaget.se/dryck/roda-viner/musella-239301","3 g/l"
369002,"http://www.systembolaget.se/dryck/vita-viner/castelnau-de-suduiraut-369002","135 g/l"
219801,"http://www.systembolaget.se/dryck/vita-viner/biecher-219801","10 g/l"
218002,"http://www.systembolaget.se/dryck/roda-viner/troppo-218002","<3,0 g/l"
215308,"http://www.systembolaget.se/dryck/vita-viner/inycon-215308","9 g/l"
3241701,"http://www.systembolaget.se/dryck/roda-viner/villa-puccini-3241701","<3,0 g/l"
2232001,"http://www.systembolaget.se/dryck/roda-viner/bolla-le-poiane-2232001","<3 g/l"
3241108,"http://www.systembolaget.se/dryck/roda-viner/allegro-3241108","5 g/l"
2209501,"http://www.systembolaget.se/dryck/roda-viner/stellenzicht-2209501","<3,0 g/l"
540801,"http://www.systembolaget.se/dryck/roda-viner/beaujolais-royal-540801","<3 g/l"
540802,"http://www.systembolaget.se/dryck/roda-viner/beaujolais-royal-540802","<3 g/l"
542101,"http://www.systembolaget.se/dryck/roda-viner/la-vignee-542101","<3 g/l"
547501,"http://www.systembolaget.se/dryck/roda-viner/bourgogne-rouge-547501","<3 g/l"
547502,"http://www.systembolaget.se/dryck/roda-viner/bourgogne-rouge-547502","<3 g/l"
552101,"http://www.systembolaget.se/dryck/vita-viner/bourgogne-blanc-552101","<3 g/l"
379004,"http://www.systembolaget.se/dryck/vita-viner/cest-la-vie-379004","6 g/l"
563701,"http://www.systembolaget.se/dryck/vita-viner/chablis-le-beaunois-563701","<3 g/l"
563702,"http://www.systembolaget.se/dryck/vita-viner/chablis-563702","<3 g/l"
564901,"http://www.systembolaget.se/dryck/vita-viner/l-564901","<3 g/l"
1217301,"http://www.systembolaget.se/dryck/vita-viner/sancerre-1217301","<3 g/l"
274001,"http://www.systembolaget.se/dryck/roda-viner/amarone-della-valpolicella-274001","5 g/l"
3236408,"http://www.systembolaget.se/dryck/roda-viner/mauro-3236408","5 g/l"
603101,"http://www.systembolaget.se/dryck/vita-viner/cameleon-603101","<3 g/l"
600101,"http://www.systembolaget.se/dryck/vita-viner/marques-de-riscal-600101","<3,0 g/l"
601801,"http://www.systembolaget.se/dryck/roda-viner/cotes-du-rhone-601801","<3 g/l"
3215301,"http://www.systembolaget.se/dryck/roda-viner/claude-val-rouge-3215301","<3 g/l"
236901,"http://www.systembolaget.se/dryck/roda-viner/cafe-culture-236901","<3 g/l"
207208,"http://www.systembolaget.se/dryck/roda-viner/umbala-207208","6 g/l"
609101,"http://www.systembolaget.se/dryck/vita-viner/rosemount-609101","27 g/l"
7448001,"http://www.systembolaget.se/dryck/roda-viner/marimar-estate-7448001","<3 g/l"
4233401,"http://www.systembolaget.se/dryck/roda-viner/la-grola-4233401","<3 g/l"
615501,"http://www.systembolaget.se/dryck/vita-viner/guntrum-615501","32 g/l"
7464601,"http://www.systembolaget.se/dryck/roda-viner/beringer-7464601","<3 g/l"
650401,"http://www.systembolaget.se/dryck/roda-viner/raza-650401","<3,0 g/l"
669702,"http://www.systembolaget.se/dryck/vita-viner/chilcas-669702","<3 g/l"
660201,"http://www.systembolaget.se/dryck/roda-viner/duette-660201","<3 g/l"
667101,"http://www.systembolaget.se/dryck/vita-viner/vina-maipo-667101","4 g/l"
381401,"http://www.systembolaget.se/dryck/roda-viner/les-hauts-de-granget-381401","<3 g/l"
217501,"http://www.systembolaget.se/dryck/vita-viner/comtes-disenbourg-217501","20 g/l"
290102,"http://www.systembolaget.se/dryck/vita-viner/chateau-dereszla-290102","126 g/l"
1200201,"http://www.systembolaget.se/dryck/roda-viner/allesverloren-1200201","<3 g/l"
234506,"http://www.systembolaget.se/dryck/roda-viner/masi-234506","8 g/l"
720301,"http://www.systembolaget.se/dryck/vita-viner/dr-loosen-bernkasteler-kurfurstlay-720301","53 g/l"
1267901,"http://www.systembolaget.se/dryck/roda-viner/lat--1267901","-"
1601808,"http://www.systembolaget.se/dryck/vita-viner/las-moras-1601808","<3 g/l"
271801,"http://www.systembolaget.se/dryck/roda-viner/campos-de-luz-271801","<3,0 g/l"
2213908,"http://www.systembolaget.se/dryck/vita-viner/les-fumees-blanches-2213908","7 g/l"
682901,"http://www.systembolaget.se/dryck/roda-viner/bin--682901","-"
3220501,"http://www.systembolaget.se/dryck/roda-viner/il-nostro-3220501","6 g/l"
251801,"http://www.systembolaget.se/dryck/roda-viner/hermon-251801","<3,0 g/l"
631101,"http://www.systembolaget.se/dryck/vita-viner/stoneleigh-631101","<3 g/l"
1644502,"http://www.systembolaget.se/dryck/vita-viner/mcpherson-1644502","6 g/l"
419702,"http://www.systembolaget.se/dryck/vita-viner/chateau-du-juge-419702","118 g/l"
419601,"http://www.systembolaget.se/dryck/vita-viner/moulin-touchais-419601","88 g/l"
1290502,"http://www.systembolaget.se/dryck/vita-viner/st-stephans-crown-1290502","150 g/l"
1232401,"http://www.systembolaget.se/dryck/roda-viner/zenato-1232401","6 g/l"
241006,"http://www.systembolaget.se/dryck/vita-viner/fontana-candida-241006","<3,0 g/l"
636902,"http://www.systembolaget.se/dryck/vita-viner/california-white-636902","8 g/l"
1250706,"http://www.systembolaget.se/dryck/roda-viner/vila-santa-1250706","<3 g/l"
1644301,"http://www.systembolaget.se/dryck/vita-viner/wolf-blass-eaglehawk-1644301","5 g/l"
555201,"http://www.systembolaget.se/dryck/vita-viner/claude-val-555201","4 g/l"
7517001,"http://www.systembolaget.se/dryck/roda-viner/bad-boy-7517001","<3 g/l"
1209408,"http://www.systembolaget.se/dryck/vita-viner/robertson-1209408","4 g/l"
689508,"http://www.systembolaget.se/dryck/vita-viner/casas-patronales-689508","<3 g/l"
619207,"http://www.systembolaget.se/dryck/vita-viner/two-tracks-619207","<3,0 g/l"
1210301,"http://www.systembolaget.se/dryck/vita-viner/jp-chenet-1210301","6 g/l"
280201,"http://www.systembolaget.se/dryck/roda-viner/crozes-hermitage-280201","<3,0 g/l"
280001,"http://www.systembolaget.se/dryck/roda-viner/crozes-hermitage-280001","<3 g/l"
659101,"http://www.systembolaget.se/dryck/roda-viner/tapiz-659101","<3 g/l"
662007,"http://www.systembolaget.se/dryck/roda-viner/santa-ines-662007","<3 g/l"
205101,"http://www.systembolaget.se/dryck/vita-viner/bellingham-205101","3 g/l"
206201,"http://www.systembolaget.se/dryck/roda-viner/robertson-206201","<3 g/l"
206202,"http://www.systembolaget.se/dryck/roda-viner/robertson-206202","<3 g/l"
2222801,"http://www.systembolaget.se/dryck/vita-viner/clay-station-2222801","7 g/l"
601001,"http://www.systembolaget.se/dryck/roda-viner/allegrini-601001","5 g/l"
533301,"http://www.systembolaget.se/dryck/roda-viner/cape-heights-533301","<3,0 g/l"
533401,"http://www.systembolaget.se/dryck/vita-viner/menetou-salon-533401","<3 g/l"
625601,"http://www.systembolaget.se/dryck/roda-viner/primitivo-di-manduria-625601","5 g/l"
687308,"http://www.systembolaget.se/dryck/roda-viner/chill-out-687308","<3,0 g/l"
202101,"http://www.systembolaget.se/dryck/vita-viner/cape-heights-202101","<3 g/l"
1212601,"http://www.systembolaget.se/dryck/roda-viner/beronia-1212601","<3 g/l"
212601,"http://www.systembolaget.se/dryck/roda-viner/vedre-212601","<3 g/l"
256501,"http://www.systembolaget.se/dryck/roda-viner/cigarra-256501","9 g/l"
1200002,"http://www.systembolaget.se/dryck/vita-viner/vicars-choice-1200002","<3 g/l"
458701,"http://www.systembolaget.se/dryck/vita-viner/leth-458701","5 g/l"
626601,"http://www.systembolaget.se/dryck/vita-viner/ecologica-berlina-626601","36 g/l"
2655401,"http://www.systembolaget.se/dryck/roda-viner/ecologica-el-condor-2655401","3 g/l"
626701,"http://www.systembolaget.se/dryck/roda-viner/xavier-626701","<3 g/l"
220102,"http://www.systembolaget.se/dryck/vita-viner/les-remparts-des-ceps-dores-220102","<3 g/l"
282502,"http://www.systembolaget.se/dryck/roda-viner/les-remparts-des-ceps-dores-282502","<3 g/l"
7544101,"http://www.systembolaget.se/dryck/roda-viner/musella-7544101","7 g/l"
1651002,"http://www.systembolaget.se/dryck/roda-viner/vina-maipo-1651002","3 g/l"
667102,"http://www.systembolaget.se/dryck/vita-viner/vina-maipo-667102","4 g/l"
212001,"http://www.systembolaget.se/dryck/vita-viner/sankt-anna-212001","29 g/l"
212002,"http://www.systembolaget.se/dryck/vita-viner/sankt-anna-212002","29 g/l"
1243801,"http://www.systembolaget.se/dryck/vita-viner/pasqua-1243801","5 g/l"
2265304,"http://www.systembolaget.se/dryck/roda-viner/akesson-2265304","3 g/l"
2265404,"http://www.systembolaget.se/dryck/vita-viner/akesson-2265404","6 g/l"
1645708,"http://www.systembolaget.se/dryck/vita-viner/lindemans-1645708","6 g/l"
627401,"http://www.systembolaget.se/dryck/vita-viner/no-edition-627401","-"
665701,"http://www.systembolaget.se/dryck/vita-viner/moselland-665701","39 g/l"
627402,"http://www.systembolaget.se/dryck/vita-viner/no-edition-627402","-"
1646008,"http://www.systembolaget.se/dryck/roda-viner/lindemans-1646008","8 g/l"
219401,"http://www.systembolaget.se/dryck/roda-viner/fox-creek-219401","5 g/l"
2225701,"http://www.systembolaget.se/dryck/vita-viner/gustave-lorentz-2225701","4 g/l"
1210304,"http://www.systembolaget.se/dryck/vita-viner/jp-chenet-1210304","6 g/l"
2227301,"http://www.systembolaget.se/dryck/roda-viner/stellenzicht-2227301","<3 g/l"
2228301,"http://www.systembolaget.se/dryck/roda-viner/cline-2228301","<3 g/l"
679201,"http://www.systembolaget.se/dryck/roda-viner/campolieti-679201","3 g/l"
1639401,"http://www.systembolaget.se/dryck/roda-viner/stoneleigh-1639401","<3 g/l"
652001,"http://www.systembolaget.se/dryck/roda-viner/mcmanis-652001","4 g/l"
203401,"http://www.systembolaget.se/dryck/roda-viner/kleine-zalze-203401","<3 g/l"
203402,"http://www.systembolaget.se/dryck/roda-viner/kleine-zalze-203402","<3 g/l"
651801,"http://www.systembolaget.se/dryck/roda-viner/cameleon-651801","<3 g/l"
627501,"http://www.systembolaget.se/dryck/vita-viner/tierra-salvaje-627501","<3 g/l"
3200801,"http://www.systembolaget.se/dryck/vita-viner/mauro-3200801","<3,0 g/l"
399401,"http://www.systembolaget.se/dryck/roda-viner/chateau-haut-canteloup-399401","<3,0 g/l"
3245201,"http://www.systembolaget.se/dryck/roda-viner/raccolto-3245201","7 g/l"
221401,"http://www.systembolaget.se/dryck/roda-viner/lirac-221401","<3 g/l"
582401,"http://www.systembolaget.se/dryck/vita-viner/0-parallel-582401","-"
229501,"http://www.systembolaget.se/dryck/vita-viner/blason-de-bourgogne-macon-villages-229501","<3 g/l"
2229708,"http://www.systembolaget.se/dryck/roda-viner/appasanto-2229708","8 g/l"
667001,"http://www.systembolaget.se/dryck/roda-viner/alamos-667001","<3,0 g/l"
533701,"http://www.systembolaget.se/dryck/roda-viner/barbaresco-533701","<3,0 g/l"
592108,"http://www.systembolaget.se/dryck/vita-viner/tr-apor-592108","-"
2229901,"http://www.systembolaget.se/dryck/roda-viner/domaine-lalande-reserve-2229901","5 g/l"
601401,"http://www.systembolaget.se/dryck/roda-viner/albret-601401","<5,0 g/l"
2900202,"http://www.systembolaget.se/dryck/roda-viner/allesverloren-2900202","<3 g/l"
811902,"http://www.systembolaget.se/dryck/vita-viner/ruffino-811902","96 g/l"
778702,"http://www.systembolaget.se/dryck/vita-viner/nivole-778702","116 g/l"
2246701,"http://www.systembolaget.se/dryck/roda-viner/piccini-2246701","<3 g/l"
558802,"http://www.systembolaget.se/dryck/vita-viner/petit-chablis-558802","<3,0 g/l"
3222401,"http://www.systembolaget.se/dryck/roda-viner/zenato-3222401","5 g/l"
581001,"http://www.systembolaget.se/dryck/vita-viner/kloster-eberbach-581001","47 g/l"
533801,"http://www.systembolaget.se/dryck/vita-viner/sancerre-533801","<3 g/l"
1638101,"http://www.systembolaget.se/dryck/roda-viner/peter-lehmann-portrait-barossa-1638101","<3 g/l"
2242408,"http://www.systembolaget.se/dryck/vita-viner/moncaro-2242408","5 g/l"
227501,"http://www.systembolaget.se/dryck/vita-viner/muscadet-sevre-et-maine-227501","<3 g/l"
203501,"http://www.systembolaget.se/dryck/vita-viner/kleine-zalze-203501","<3 g/l"
200108,"http://www.systembolaget.se/dryck/roda-viner/foot-of-africa-200108","3 g/l"
3222801,"http://www.systembolaget.se/dryck/roda-viner/selvarossa-3222801","8 g/l"
3243101,"http://www.systembolaget.se/dryck/roda-viner/boira-3243101","5 g/l"
705508,"http://www.systembolaget.se/dryck/vita-viner/kwv-chardonnay-705508","4 g/l"
202008,"http://www.systembolaget.se/dryck/vita-viner/zonnebloem-202008","<3 g/l"
2240901,"http://www.systembolaget.se/dryck/roda-viner/i-castei-2240901","6 g/l"
3247201,"http://www.systembolaget.se/dryck/roda-viner/le-volte-3247201","<3 g/l"
2256201,"http://www.systembolaget.se/dryck/roda-viner/seghesio-2256201","<3 g/l"
3222901,"http://www.systembolaget.se/dryck/roda-viner/fonterutoli-3222901","<3 g/l"
652301,"http://www.systembolaget.se/dryck/roda-viner/pascual-toso-652301","<3 g/l"
1642601,"http://www.systembolaget.se/dryck/vita-viner/hardys-nottage-hill-1642601","10 g/l"
637601,"http://www.systembolaget.se/dryck/roda-viner/lindemans-bin-0-637601","-"
622608,"http://www.systembolaget.se/dryck/roda-viner/lindemans-bin--622608","-"
629001,"http://www.systembolaget.se/dryck/vita-viner/mcmanis-629001","4 g/l"
651701,"http://www.systembolaget.se/dryck/roda-viner/fair-amp-square-651701","-"
653901,"http://www.systembolaget.se/dryck/vita-viner/fair-amp-square-653901","-"
636701,"http://www.systembolaget.se/dryck/vita-viner/boulder-bank-636701","<3 g/l"
629501,"http://www.systembolaget.se/dryck/vita-viner/regatta-bay-629501","4 g/l"
205702,"http://www.systembolaget.se/dryck/roda-viner/tokolosh-205702","<3,0 g/l"
7550101,"http://www.systembolaget.se/dryck/roda-viner/brancaia-7550101","<3,0 g/l"
8728201,"http://www.systembolaget.se/dryck/roda-viner/calera-8728201","<3 g/l"
652201,"http://www.systembolaget.se/dryck/vita-viner/cono-sur-652201","3 g/l"
200901,"http://www.systembolaget.se/dryck/roda-viner/palazzo-200901","6 g/l"
1280802,"http://www.systembolaget.se/dryck/roda-viner/jp-chenet-1280802","5 g/l"
629708,"http://www.systembolaget.se/dryck/roda-viner/gosa-629708","7 g/l"
1298601,"http://www.systembolaget.se/dryck/roda-viner/graham-beck-1298601","<3,0 g/l"
638101,"http://www.systembolaget.se/dryck/vita-viner/gnarly-head-638101","10 g/l"
277001,"http://www.systembolaget.se/dryck/roda-viner/gr--277001","-"
247801,"http://www.systembolaget.se/dryck/vita-viner/zecci-247801","7 g/l"
221201,"http://www.systembolaget.se/dryck/roda-viner/reserve-du-vieux-noir-221201","<3,0 g/l"
638401,"http://www.systembolaget.se/dryck/vita-viner/palazzo-638401","<3 g/l"
1551501,"http://www.systembolaget.se/dryck/vita-viner/graham-beck-1551501","<3,0 g/l"
534001,"http://www.systembolaget.se/dryck/vita-viner/victoria-534001","32 g/l"
1551701,"http://www.systembolaget.se/dryck/vita-viner/drostdy-hof-1551701","<3,0 g/l"
534501,"http://www.systembolaget.se/dryck/vita-viner/moselland-organic-534501","40 g/l"
3241706,"http://www.systembolaget.se/dryck/roda-viner/villa-puccini-3241706","<3,0 g/l"
3241702,"http://www.systembolaget.se/dryck/roda-viner/villa-puccini-3241702","<3,0 g/l"
589901,"http://www.systembolaget.se/dryck/vita-viner/georg-breuer-589901","5 g/l"
534002,"http://www.systembolaget.se/dryck/vita-viner/victoria-534002","32 g/l"
201802,"http://www.systembolaget.se/dryck/roda-viner/flat-roof-manor-201802","<3,0 g/l"
2282608,"http://www.systembolaget.se/dryck/roda-viner/chill-out-2282608","7 g/l"
229502,"http://www.systembolaget.se/dryck/vita-viner/blason-de-bourgogne-macon-villages-229502","<3 g/l"
214101,"http://www.systembolaget.se/dryck/vita-viner/paul-sapin-214101","<3,0 g/l"
639701,"http://www.systembolaget.se/dryck/vita-viner/mitchelton-639701","<3,0 g/l"
630201,"http://www.systembolaget.se/dryck/roda-viner/gurra-gurra-creek-630201","7 g/l"
7209301,"http://www.systembolaget.se/dryck/vita-viner/reichsrat-von-buhl-7209301","<3 g/l"
7209401,"http://www.systembolaget.se/dryck/roda-viner/petite-petit-7209401","5 g/l"
256801,"http://www.systembolaget.se/dryck/roda-viner/native-256801","6 g/l"
256008,"http://www.systembolaget.se/dryck/roda-viner/periquita-256008","6 g/l"
670202,"http://www.systembolaget.se/dryck/vita-viner/jules-muller-gewurztraminer-670202","11 g/l"
682301,"http://www.systembolaget.se/dryck/roda-viner/killawarra-682301","10 g/l"
623101,"http://www.systembolaget.se/dryck/vita-viner/ecologica-623101","5 g/l"
2631901,"http://www.systembolaget.se/dryck/roda-viner/rosemount-2631901","4 g/l"
3225301,"http://www.systembolaget.se/dryck/vita-viner/sancerre-3225301","<3 g/l"
201501,"http://www.systembolaget.se/dryck/vita-viner/fleur-du-cap-201501","<3 g/l"
2281701,"http://www.systembolaget.se/dryck/roda-viner/villa-cafaggio-2281701","<3 g/l"
271006,"http://www.systembolaget.se/dryck/roda-viner/marques-de-arienzo-271006","<3,0 g/l"
608301,"http://www.systembolaget.se/dryck/roda-viner/campo-viejo-608301","<3 g/l"
699601,"http://www.systembolaget.se/dryck/roda-viner/torres-coronas-699601","<3,0 g/l"
699604,"http://www.systembolaget.se/dryck/roda-viner/torres-coronas-699604","<3,0 g/l"
257406,"http://www.systembolaget.se/dryck/roda-viner/periquita-257406","<3 g/l"
558501,"http://www.systembolaget.se/dryck/vita-viner/petit-chablis-558501","<3 g/l"
225901,"http://www.systembolaget.se/dryck/vita-viner/sancerre-225901","<3 g/l"
2280301,"http://www.systembolaget.se/dryck/vita-viner/il-nostro-2280301","<3,0 g/l"
2295101,"http://www.systembolaget.se/dryck/roda-viner/mezzacorona-lagrein-2295101","-"
544701,"http://www.systembolaget.se/dryck/roda-viner/bourgogne-544701","<3,0 g/l"
2297308,"http://www.systembolaget.se/dryck/vita-viner/il-nostro-2297308","<3 g/l"
288201,"http://www.systembolaget.se/dryck/vita-viner/la-gascogne-par-alain-brumont-288201","<3 g/l"
2298101,"http://www.systembolaget.se/dryck/roda-viner/monterosso-2298101","4 g/l"
651208,"http://www.systembolaget.se/dryck/roda-viner/ecologica-651208","5 g/l"
528301,"http://www.systembolaget.se/dryck/roda-viner/couvent-des-jacobins-528301","<3 g/l"
640001,"http://www.systembolaget.se/dryck/roda-viner/down-under-640001","5 g/l"
641901,"http://www.systembolaget.se/dryck/roda-viner/jacobs-creek-641901","6 g/l"
209908,"http://www.systembolaget.se/dryck/roda-viner/robertson-209908","<3,0 g/l"
2298908,"http://www.systembolaget.se/dryck/roda-viner/south-atlantic-2298908","5 g/l"
638201,"http://www.systembolaget.se/dryck/vita-viner/saint-clair-638201","<3 g/l"
2299601,"http://www.systembolaget.se/dryck/roda-viner/porcupine-ridge-2299601","<3,0 g/l"
565701,"http://www.systembolaget.se/dryck/vita-viner/bourgogne-565701","<3 g/l"
291001,"http://www.systembolaget.se/dryck/vita-viner/brundlmayer-291001","<3 g/l"
1601108,"http://www.systembolaget.se/dryck/vita-viner/oude-kaap-1601108","<3 g/l"
205808,"http://www.systembolaget.se/dryck/vita-viner/zumbali-205808","4 g/l"
613901,"http://www.systembolaget.se/dryck/roda-viner/ramos-613901","4 g/l"
658701,"http://www.systembolaget.se/dryck/vita-viner/vida-organica-658701","<3 g/l"
2900201,"http://www.systembolaget.se/dryck/roda-viner/allesverloren-2900201","<3 g/l"
2800201,"http://www.systembolaget.se/dryck/roda-viner/amarone-2800201","11 g/l"
611001,"http://www.systembolaget.se/dryck/roda-viner/marques-de-arienzo-611001","<3 g/l"
320401,"http://www.systembolaget.se/dryck/roda-viner/doppio-passo-320401","16 g/l"
2305001,"http://www.systembolaget.se/dryck/roda-viner/domini-veneti-2305001","7 g/l"
622601,"http://www.systembolaget.se/dryck/roda-viner/lindemans-bin--622601","-"
3213001,"http://www.systembolaget.se/dryck/roda-viner/castello-di-fonterutoli-3213001","<3 g/l"
652101,"http://www.systembolaget.se/dryck/roda-viner/tapiz-joven-652101","<3 g/l"
655101,"http://www.systembolaget.se/dryck/roda-viner/quara-655101","<3 g/l"
2800601,"http://www.systembolaget.se/dryck/vita-viner/neethlingshof-2800601","<3 g/l"
2700401,"http://www.systembolaget.se/dryck/vita-viner/foot-of-africa-2700401","<3 g/l"
218801,"http://www.systembolaget.se/dryck/vita-viner/vicars-choice-218801","<3 g/l"
2700308,"http://www.systembolaget.se/dryck/vita-viner/foot-of-africa-2700308","<3 g/l"
212901,"http://www.systembolaget.se/dryck/roda-viner/lionheart-of-the-barossa-212901","<3 g/l"
212906,"http://www.systembolaget.se/dryck/roda-viner/lionheart-of-the-barossa-212906","<3 g/l"
212902,"http://www.systembolaget.se/dryck/roda-viner/lionheart-of-the-barossa-212902","<3 g/l"
645307,"http://www.systembolaget.se/dryck/vita-viner/beringer-645307","<3 g/l"
302301,"http://www.systembolaget.se/dryck/roda-viner/cantina-zaccagnini-302301","7 g/l"
214508,"http://www.systembolaget.se/dryck/roda-viner/somezin-214508","10 g/l"
651201,"http://www.systembolaget.se/dryck/roda-viner/ecologica-651201","5 g/l"
216701,"http://www.systembolaget.se/dryck/roda-viner/terre-de-mistral-216701","<3 g/l"
330001,"http://www.systembolaget.se/dryck/roda-viner/passitivo-330001","10 g/l"
284201,"http://www.systembolaget.se/dryck/roda-viner/ruit-hora-284201","<3 g/l"
283601,"http://www.systembolaget.se/dryck/roda-viner/domaine-du-pesquier-283601","<3 g/l"
213401,"http://www.systembolaget.se/dryck/roda-viner/vistamar-sepia-213401","5 g/l"
276901,"http://www.systembolaget.se/dryck/roda-viner/millefiori-276901","8 g/l"
2307201,"http://www.systembolaget.se/dryck/roda-viner/corvina-veronese-2307201","7 g/l"
281707,"http://www.systembolaget.se/dryck/roda-viner/primanero-281707","8 g/l"
282001,"http://www.systembolaget.se/dryck/roda-viner/pinot-noir-282001","2 g/l"
456701,"http://www.systembolaget.se/dryck/roda-viner/casillero-del-diablo-456701","<3 g/l"
3214501,"http://www.systembolaget.se/dryck/roda-viner/amarone-della-valpolicella-3214501","11 g/l"
213008,"http://www.systembolaget.se/dryck/roda-viner/casas-patronales-213008","<3 g/l"
219601,"http://www.systembolaget.se/dryck/vita-viner/trio-219601","<3,0 g/l"
205201,"http://www.systembolaget.se/dryck/roda-viner/chill-out-205201","<3 g/l"
205301,"http://www.systembolaget.se/dryck/vita-viner/chill-out-205301","<3 g/l"
1555808,"http://www.systembolaget.se/dryck/vita-viner/drostdy-hof-1555808","4 g/l"
2800808,"http://www.systembolaget.se/dryck/roda-viner/lyngrove-2800808","<3 g/l"
640501,"http://www.systembolaget.se/dryck/roda-viner/yellow-tail-640501","8 g/l"
660701,"http://www.systembolaget.se/dryck/roda-viner/trivento-660701","<3,0 g/l"
657701,"http://www.systembolaget.se/dryck/roda-viner/casillero-del-diablo-657701","<3 g/l"
261908,"http://www.systembolaget.se/dryck/vita-viner/leva-261908","7 g/l"
415302,"http://www.systembolaget.se/dryck/vita-viner/chateau-du-levant-415302","98 g/l"
630101,"http://www.systembolaget.se/dryck/roda-viner/penfolds-thomas-hyland-630101","<3 g/l"
8895801,"http://www.systembolaget.se/dryck/vita-viner/frontera-8895801","4 g/l"
714302,"http://www.systembolaget.se/dryck/vita-viner/chablis-714302","<3 g/l"
238608,"http://www.systembolaget.se/dryck/roda-viner/masi-238608","4 g/l"
658601,"http://www.systembolaget.se/dryck/roda-viner/cono-sur-658601","<3 g/l"
207901,"http://www.systembolaget.se/dryck/vita-viner/indomita-207901","<3 g/l"
626501,"http://www.systembolaget.se/dryck/roda-viner/rua-626501","<3,0 g/l"
631501,"http://www.systembolaget.se/dryck/roda-viner/diemersfontein-631501","<3,0 g/l"
546101,"http://www.systembolaget.se/dryck/roda-viner/mont-redon-546101","<3 g/l"
647001,"http://www.systembolaget.se/dryck/roda-viner/mas-louise-647001","<3 g/l"
7183201,"http://www.systembolaget.se/dryck/roda-viner/cotes-du-rhone-7183201","<3,0 g/l"
7190701,"http://www.systembolaget.se/dryck/roda-viner/chateau-smith-7190701","<3 g/l"
459201,"http://www.systembolaget.se/dryck/vita-viner/hubert-beck-459201","15 g/l"
232404,"http://www.systembolaget.se/dryck/roda-viner/sonovino-232404","5 g/l"
232501,"http://www.systembolaget.se/dryck/roda-viner/bolgarello-232501","3 g/l"
234001,"http://www.systembolaget.se/dryck/vita-viner/bolgarello-234001","5 g/l"
604001,"http://www.systembolaget.se/dryck/vita-viner/untouched-604001","32 g/l"
787301,"http://www.systembolaget.se/dryck/vita-viner/castion-787301","104 g/l"
647408,"http://www.systembolaget.se/dryck/vita-viner/mad-house-647408","<3 g/l"
1237901,"http://www.systembolaget.se/dryck/roda-viner/castelforte-1237901","7 g/l"
672301,"http://www.systembolaget.se/dryck/roda-viner/louis-m-martini-672301","2 g/l"
7194701,"http://www.systembolaget.se/dryck/vita-viner/cotes-du-rhone-7194701","<3 g/l"
209701,"http://www.systembolaget.se/dryck/roda-viner/campos-goticos-209701","<3,0 g/l"
209702,"http://www.systembolaget.se/dryck/roda-viner/campos-goticos-209702","<3,0 g/l"
620001,"http://www.systembolaget.se/dryck/vita-viner/satellite-620001","3 g/l"
660501,"http://www.systembolaget.se/dryck/roda-viner/trapiche-660501","<3 g/l"
284608,"http://www.systembolaget.se/dryck/roda-viner/dragunera-284608","9 g/l"
660301,"http://www.systembolaget.se/dryck/roda-viner/casillero-del-diablo-660301","<3,0 g/l"
214807,"http://www.systembolaget.se/dryck/vita-viner/fetzer-214807","5 g/l"
2213906,"http://www.systembolaget.se/dryck/vita-viner/les-fumees-blanches-2213906","7 g/l"
670206,"http://www.systembolaget.se/dryck/vita-viner/jules-muller-gewurztraminer-670206","11 g/l"
235801,"http://www.systembolaget.se/dryck/roda-viner/pasqua-amarone-della-valpolicella-235801","11 g/l"
556201,"http://www.systembolaget.se/dryck/vita-viner/clotilde-davenne-556201","<3 g/l"
623701,"http://www.systembolaget.se/dryck/vita-viner/chablis-premier-cru-623701","<3 g/l"
659708,"http://www.systembolaget.se/dryck/roda-viner/gnarly-head-659708","4 g/l"
230908,"http://www.systembolaget.se/dryck/roda-viner/allegrini-230908","7 g/l"
535201,"http://www.systembolaget.se/dryck/roda-viner/castelforte-535201","6 g/l"
535301,"http://www.systembolaget.se/dryck/roda-viner/pasqua-ripasso-535301","8 g/l"
601301,"http://www.systembolaget.se/dryck/vita-viner/domaine-bousquet-601301","<3,0 g/l"
614601,"http://www.systembolaget.se/dryck/roda-viner/chill-out-614601","<3 g/l"
535401,"http://www.systembolaget.se/dryck/roda-viner/tommasi-graticcio-appassionato-535401","9 g/l"
235201,"http://www.systembolaget.se/dryck/roda-viner/soprasasso-235201","8 g/l"
660001,"http://www.systembolaget.se/dryck/vita-viner/cono-sur-660001","4 g/l"
670501,"http://www.systembolaget.se/dryck/roda-viner/concannon-670501","<3,0 g/l"
222201,"http://www.systembolaget.se/dryck/roda-viner/de-loach-222201","<3 g/l"
671101,"http://www.systembolaget.se/dryck/roda-viner/spring-village-671101","10 g/l"
680301,"http://www.systembolaget.se/dryck/vita-viner/spring-village-680301","12 g/l"
625407,"http://www.systembolaget.se/dryck/roda-viner/te-kairanga-625407","<3,0 g/l"
628201,"http://www.systembolaget.se/dryck/roda-viner/taurasi-628201","<3 g/l"
208601,"http://www.systembolaget.se/dryck/roda-viner/the-chocolate-block-208601","<3 g/l"
670701,"http://www.systembolaget.se/dryck/vita-viner/alvarinho-contacto-670701","5 g/l"
648007,"http://www.systembolaget.se/dryck/vita-viner/prinz-von-hessen-648007","9 g/l"
628401,"http://www.systembolaget.se/dryck/roda-viner/vina-collado-628401","<3,0 g/l"
228101,"http://www.systembolaget.se/dryck/roda-viner/fat-bastard-228101","4 g/l"
535801,"http://www.systembolaget.se/dryck/roda-viner/soprasasso-535801","7 g/l"
7040101,"http://www.systembolaget.se/dryck/roda-viner/araldica-barolo-7040101","<3 g/l"
1237906,"http://www.systembolaget.se/dryck/roda-viner/castelforte-1237906","7 g/l"
630701,"http://www.systembolaget.se/dryck/vita-viner/chablis-630701","<3 g/l"
626201,"http://www.systembolaget.se/dryck/vita-viner/villa-maria-626201","<3 g/l"
532802,"http://www.systembolaget.se/dryck/roda-viner/monti-garbi-532802","9 g/l"
7007901,"http://www.systembolaget.se/dryck/roda-viner/mureda-7007901","<3 g/l"
273001,"http://www.systembolaget.se/dryck/roda-viner/marques-de-valencia-273001","<3 g/l"
270001,"http://www.systembolaget.se/dryck/roda-viner/chianti-270001","<3 g/l"
614501,"http://www.systembolaget.se/dryck/roda-viner/fox-creek-614501","<3 g/l"
536101,"http://www.systembolaget.se/dryck/roda-viner/bourgogne-cuvee-prestige-536101","<3 g/l"
536201,"http://www.systembolaget.se/dryck/vita-viner/bourgogne-cuvee-prestige-536201","<3 g/l"
659508,"http://www.systembolaget.se/dryck/vita-viner/jeanneret-659508","30 g/l"
685101,"http://www.systembolaget.se/dryck/vita-viner/rio-claro-685101","<3,0 g/l"
2233701,"http://www.systembolaget.se/dryck/roda-viner/girard-2233701","4 g/l"
668001,"http://www.systembolaget.se/dryck/vita-viner/cono-sur-668001","6 g/l"
632101,"http://www.systembolaget.se/dryck/vita-viner/main-street-632101","<3 g/l"
207301,"http://www.systembolaget.se/dryck/roda-viner/org-de-rac-207301","<3 g/l"
218501,"http://www.systembolaget.se/dryck/vita-viner/chateau-du-cleray-218501","<3 g/l"
694201,"http://www.systembolaget.se/dryck/roda-viner/rawsons-retreat-694201","4 g/l"
704601,"http://www.systembolaget.se/dryck/vita-viner/glen-ellen-704601","7 g/l"
634608,"http://www.systembolaget.se/dryck/roda-viner/castelforte-634608","7 g/l"
694101,"http://www.systembolaget.se/dryck/vita-viner/rawsons-retreat-694101","4 g/l"
705501,"http://www.systembolaget.se/dryck/vita-viner/kwv-chardonnay-705501","4 g/l"
286101,"http://www.systembolaget.se/dryck/roda-viner/crozes-hermitage-286101","<3 g/l"
605901,"http://www.systembolaget.se/dryck/vita-viner/zuccardi-605901","<3 g/l"
547001,"http://www.systembolaget.se/dryck/roda-viner/bourgogne-547001","<3,0 g/l"
226701,"http://www.systembolaget.se/dryck/vita-viner/brochet-facile-226701","<3,0 g/l"
536404,"http://www.systembolaget.se/dryck/vita-viner/dr-loosen-536404","139 g/l"
560201,"http://www.systembolaget.se/dryck/vita-viner/saint-veran-560201","<3 g/l"
271601,"http://www.systembolaget.se/dryck/roda-viner/montelciego-271601","<3 g/l"
214401,"http://www.systembolaget.se/dryck/roda-viner/poliziano-vino-nobile-di-montepulciano-214401","<3,0 g/l"
699801,"http://www.systembolaget.se/dryck/roda-viner/masi-699801","<3 g/l"
269001,"http://www.systembolaget.se/dryck/vita-viner/kung-fu-girl-269001","15 g/l"
699701,"http://www.systembolaget.se/dryck/vita-viner/masi-699701","<3 g/l"
350101,"http://www.systembolaget.se/dryck/roda-viner/epicuro-350101","10 g/l"
224101,"http://www.systembolaget.se/dryck/roda-viner/il-cuore-per-martina-224101","7 g/l"
207808,"http://www.systembolaget.se/dryck/vita-viner/monti-garbi-207808","9 g/l"
213301,"http://www.systembolaget.se/dryck/roda-viner/tommasi-palanca-213301","8 g/l"
1643404,"http://www.systembolaget.se/dryck/vita-viner/jacobs-creek-1643404","<3 g/l"
207401,"http://www.systembolaget.se/dryck/roda-viner/texas-longhorn-207401","<3 g/l"
206605,"http://www.systembolaget.se/dryck/roda-viner/jacobs-creek-206605","5 g/l"
655001,"http://www.systembolaget.se/dryck/roda-viner/the-ultimate-zin-655001","8 g/l"
235308,"http://www.systembolaget.se/dryck/roda-viner/il-barone-235308","11 g/l"
7494401,"http://www.systembolaget.se/dryck/roda-viner/grand-sud-7494401","5 g/l"
254801,"http://www.systembolaget.se/dryck/roda-viner/baron-de-ley-254801","<3,0 g/l"
635508,"http://www.systembolaget.se/dryck/vita-viner/somezin-635508","7 g/l"
582201,"http://www.systembolaget.se/dryck/vita-viner/leitz-eins-zwei-dry-582201","7 g/l"
7404801,"http://www.systembolaget.se/dryck/roda-viner/domaine-santa-duc-7404801","<3 g/l"
680401,"http://www.systembolaget.se/dryck/roda-viner/morberg-collection-680401","<3,0 g/l"
239201,"http://www.systembolaget.se/dryck/roda-viner/piccini-239201","9 g/l"
330201,"http://www.systembolaget.se/dryck/roda-viner/raccolto-330201","5 g/l"
235708,"http://www.systembolaget.se/dryck/roda-viner/palazzo-235708","5 g/l"
281501,"http://www.systembolaget.se/dryck/roda-viner/crozes-hermitage-281501","<3 g/l"
613101,"http://www.systembolaget.se/dryck/roda-viner/the-black-shiraz-613101","<3 g/l"
201601,"http://www.systembolaget.se/dryck/roda-viner/bonpas-201601","<3 g/l"
669801,"http://www.systembolaget.se/dryck/roda-viner/ramon-bilbao-669801","<3 g/l"
671201,"http://www.systembolaget.se/dryck/roda-viner/vina-pomal-671201","<3 g/l"
671401,"http://www.systembolaget.se/dryck/roda-viner/boom-boom-671401","4 g/l"
536801,"http://www.systembolaget.se/dryck/vita-viner/sander-536801","5 g/l"
215008,"http://www.systembolaget.se/dryck/vita-viner/petit-chablis-215008","<3 g/l"
7314201,"http://www.systembolaget.se/dryck/roda-viner/gerard-bertrand-chateau-lhospitalet-7314201","<3,0 g/l"
236008,"http://www.systembolaget.se/dryck/roda-viner/the-big-zin-236008","7 g/l"
302308,"http://www.systembolaget.se/dryck/roda-viner/cantina-zaccagnini-302308","7 g/l"
435001,"http://www.systembolaget.se/dryck/vita-viner/loimer-lenz-435001","6 g/l"
680501,"http://www.systembolaget.se/dryck/roda-viner/chateau-beau-site-680501","<3,0 g/l"
244001,"http://www.systembolaget.se/dryck/roda-viner/le-verdier-244001","<3 g/l"
536901,"http://www.systembolaget.se/dryck/vita-viner/loosen-riesling-kabinett-536901","37 g/l"
600301,"http://www.systembolaget.se/dryck/vita-viner/gustav-600301","5 g/l"
239701,"http://www.systembolaget.se/dryck/roda-viner/vigna-pedale-239701","4 g/l"
7475601,"http://www.systembolaget.se/dryck/roda-viner/amicone-7475601","10 g/l"
239801,"http://www.systembolaget.se/dryck/roda-viner/barolo-albe-239801","<3 g/l"
556401,"http://www.systembolaget.se/dryck/vita-viner/chablis-556401","<3,0 g/l"
2282601,"http://www.systembolaget.se/dryck/roda-viner/chill-out-2282601","7 g/l"
535206,"http://www.systembolaget.se/dryck/roda-viner/castelforte-535206","6 g/l"
532201,"http://www.systembolaget.se/dryck/vita-viner/wildboars-rock-532201","4 g/l"
2233501,"http://www.systembolaget.se/dryck/roda-viner/candidato-ecologico-2233501","<3 g/l"
1601801,"http://www.systembolaget.se/dryck/vita-viner/las-moras-1601801","<3 g/l"
320408,"http://www.systembolaget.se/dryck/roda-viner/doppio-passo-320408","16 g/l"
7348501,"http://www.systembolaget.se/dryck/vita-viner/sancerre-7348501","<3 g/l"
626101,"http://www.systembolaget.se/dryck/roda-viner/brazin-old-vine-626101","3 g/l"
214701,"http://www.systembolaget.se/dryck/vita-viner/tommasi-adorato-214701","9 g/l"
657208,"http://www.systembolaget.se/dryck/roda-viner/casillero-del-diablo-657208","<3,0 g/l"
213901,"http://www.systembolaget.se/dryck/vita-viner/morberg-collection-213901","4 g/l"
7291508,"http://www.systembolaget.se/dryck/roda-viner/campos-de-luz-7291508","<3,0 g/l"
7237101,"http://www.systembolaget.se/dryck/roda-viner/chateauneuf-du-pape-7237101","<3 g/l"
207702,"http://www.systembolaget.se/dryck/roda-viner/copertino-207702","4 g/l"
270101,"http://www.systembolaget.se/dryck/vita-viner/mulderbosch-270101","<3 g/l"
7531601,"http://www.systembolaget.se/dryck/roda-viner/heitz-7531601","<3,0 g/l"
7428201,"http://www.systembolaget.se/dryck/roda-viner/amarone-della-valpolicella-7428201","6 g/l"
7357401,"http://www.systembolaget.se/dryck/roda-viner/amarone-della-valpolicella-7357401","5 g/l"
631401,"http://www.systembolaget.se/dryck/vita-viner/brancott-estate-flight-631401","8 g/l"
653701,"http://www.systembolaget.se/dryck/roda-viner/montlaiz-653701","4 g/l"
662801,"http://www.systembolaget.se/dryck/vita-viner/white-pet-662801","23 g/l"
642901,"http://www.systembolaget.se/dryck/vita-viner/gardo-amp-morris-642901","-"
627701,"http://www.systembolaget.se/dryck/roda-viner/foppiano-vineyards-627701","<3 g/l"
274308,"http://www.systembolaget.se/dryck/roda-viner/morberg-collection-274308","5 g/l"
634408,"http://www.systembolaget.se/dryck/vita-viner/kwv-634408","23 g/l"
204208,"http://www.systembolaget.se/dryck/vita-viner/mandala-204208","<3 g/l"
513501,"http://www.systembolaget.se/dryck/vita-viner/moselland-513501","31 g/l"
229201,"http://www.systembolaget.se/dryck/vita-viner/caveau-des-jacobins-229201","<3,0 g/l"
556701,"http://www.systembolaget.se/dryck/vita-viner/blason-de-bourgogne-556701","<3,0 g/l"
714301,"http://www.systembolaget.se/dryck/vita-viner/chablis-saint-martin-714301","<3 g/l"
271701,"http://www.systembolaget.se/dryck/roda-viner/gratena-chianti-271701","<3,0 g/l"
215101,"http://www.systembolaget.se/dryck/roda-viner/xavier-215101","<3 g/l"
212401,"http://www.systembolaget.se/dryck/roda-viner/montmija-la-chapelle-212401","5 g/l"
229101,"http://www.systembolaget.se/dryck/roda-viner/le-hurlevent-229101","<3 g/l"
223801,"http://www.systembolaget.se/dryck/vita-viner/domaine-du-bouchot-223801","<3 g/l"
221301,"http://www.systembolaget.se/dryck/roda-viner/domaine-de-la-curniere-221301","<3,0 g/l"
322301,"http://www.systembolaget.se/dryck/vita-viner/torres-san-valentin-322301","13 g/l"
7901301,"http://www.systembolaget.se/dryck/roda-viner/brunello-di-montalcino-7901301","<3 g/l"
600401,"http://www.systembolaget.se/dryck/vita-viner/vicars-choice-600401","7 g/l"
210901,"http://www.systembolaget.se/dryck/roda-viner/casa-vinironia-210901","11 g/l"
314701,"http://www.systembolaget.se/dryck/roda-viner/clarendelle-314701","<3,0 g/l"
535408,"http://www.systembolaget.se/dryck/roda-viner/tommasi-graticcio-appassionato-535408","9 g/l"
234808,"http://www.systembolaget.se/dryck/roda-viner/tommolo-234808","5 g/l"
712601,"http://www.systembolaget.se/dryck/roda-viner/bianchi-montepulciano-dabruzzo-712601","<3,0 g/l"
745101,"http://www.systembolaget.se/dryck/roda-viner/roodeberg-745101","<3 g/l"
712501,"http://www.systembolaget.se/dryck/vita-viner/chablis-premier-cru-712501","<3,0 g/l"
210908,"http://www.systembolaget.se/dryck/roda-viner/casa-vinironia-210908","11 g/l"
7912101,"http://www.systembolaget.se/dryck/roda-viner/chateauneuf-du-pape-7912101","<3,0 g/l"
232601,"http://www.systembolaget.se/dryck/roda-viner/epicuro-232601","10 g/l"
7377601,"http://www.systembolaget.se/dryck/roda-viner/buena-vista-7377601","<3 g/l"
431801,"http://www.systembolaget.se/dryck/vita-viner/domane-wachau-431801","<3 g/l"
459701,"http://www.systembolaget.se/dryck/vita-viner/carta-vieja-459701","<3 g/l"
211401,"http://www.systembolaget.se/dryck/vita-viner/bennati-211401","5 g/l"
7434402,"http://www.systembolaget.se/dryck/roda-viner/vosne-romanee-premier-cru-les-beaux-monts-7434402","<3 g/l"
7166301,"http://www.systembolaget.se/dryck/roda-viner/ville-di-antane-7166301","6 g/l"
7197201,"http://www.systembolaget.se/dryck/roda-viner/le-ville-di-antane-7197201","7 g/l"
746201,"http://www.systembolaget.se/dryck/roda-viner/la-rioja-alta-746201","<3,0 g/l"
259701,"http://www.systembolaget.se/dryck/roda-viner/campogiovanni-259701","<3,0 g/l"
7272201,"http://www.systembolaget.se/dryck/roda-viner/laccento-7272201","5 g/l"
7457001,"http://www.systembolaget.se/dryck/roda-viner/gnarly-head-7457001","7 g/l"
746301,"http://www.systembolaget.se/dryck/roda-viner/chateau-musar-746301","<3 g/l"
281301,"http://www.systembolaget.se/dryck/vita-viner/chateau-mont-redon-281301","<3 g/l"
745701,"http://www.systembolaget.se/dryck/vita-viner/chablis-premier-cru-fourchaume-745701","<3 g/l"
718501,"http://www.systembolaget.se/dryck/vita-viner/kourtaki-718501","<3,0 g/l"
663701,"http://www.systembolaget.se/dryck/roda-viner/picunche-663701","<3 g/l"
204901,"http://www.systembolaget.se/dryck/vita-viner/anima-204901","<3,0 g/l"
233501,"http://www.systembolaget.se/dryck/roda-viner/il-falcone-233501","<3 g/l"
202801,"http://www.systembolaget.se/dryck/vita-viner/running-duck-202801","<3 g/l"
288401,"http://www.systembolaget.se/dryck/roda-viner/vino-nobile-di-montepulciano-288401","<3,0 g/l"
671501,"http://www.systembolaget.se/dryck/vita-viner/gewurztraminer-bergheim-671501","15 g/l"
412401,"http://www.systembolaget.se/dryck/vita-viner/chateau-bichon-cassignols-412401","<3,0 g/l"
560701,"http://www.systembolaget.se/dryck/vita-viner/puligny-montrachet-560701","<3 g/l"
238401,"http://www.systembolaget.se/dryck/roda-viner/lupi-reali-238401","6 g/l"
250501,"http://www.systembolaget.se/dryck/roda-viner/aventino-250501","<3 g/l"
7922008,"http://www.systembolaget.se/dryck/roda-viner/cigarra-7922008","8 g/l"
7923401,"http://www.systembolaget.se/dryck/roda-viner/brunello-di-montalcino-7923401","<3 g/l"
7518401,"http://www.systembolaget.se/dryck/roda-viner/villa-righetti-7518401","5 g/l"
7630801,"http://www.systembolaget.se/dryck/roda-viner/villa-righetti-7630801","3 g/l"
277801,"http://www.systembolaget.se/dryck/roda-viner/prado-rey-277801","<3 g/l"
211701,"http://www.systembolaget.se/dryck/vita-viner/99-rosas-211701","<3 g/l"
537201,"http://www.systembolaget.se/dryck/vita-viner/peacock-537201","28 g/l"
402902,"http://www.systembolaget.se/dryck/vita-viner/calvet-402902","93 g/l"
626002,"http://www.systembolaget.se/dryck/roda-viner/brachetto-dacqui-626002","110 g/l"
537301,"http://www.systembolaget.se/dryck/vita-viner/chateau-de-vallagon-537301","<3,0 g/l"
537401,"http://www.systembolaget.se/dryck/vita-viner/coteaux-bourguignons-537401","<3 g/l"
537501,"http://www.systembolaget.se/dryck/vita-viner/kunstler-537501","7 g/l"
746901,"http://www.systembolaget.se/dryck/vita-viner/konigsmosel-746901","34 g/l"
746902,"http://www.systembolaget.se/dryck/vita-viner/konigsmosel-746902","34 g/l"
7465901,"http://www.systembolaget.se/dryck/roda-viner/the-wanted-zin-7465901","13 g/l"
749601,"http://www.systembolaget.se/dryck/vita-viner/jacobs-creek-749601","<3 g/l"
7933101,"http://www.systembolaget.se/dryck/roda-viner/perbacco-7933101","<3 g/l"
7937501,"http://www.systembolaget.se/dryck/roda-viner/terra-di-brolio-7937501","<3 g/l"
7939301,"http://www.systembolaget.se/dryck/vita-viner/von-winning-7939301","11 g/l"
7939401,"http://www.systembolaget.se/dryck/vita-viner/von-winning-win-win-7939401","6 g/l"
590101,"http://www.systembolaget.se/dryck/vita-viner/ruppertsberger-nussbien-590101","18 g/l"
415102,"http://www.systembolaget.se/dryck/vita-viner/chateau-bonnet-415102","<3,0 g/l"
202308,"http://www.systembolaget.se/dryck/roda-viner/que-pasa-202308","<3 g/l"
633901,"http://www.systembolaget.se/dryck/vita-viner/gardo-amp-morris-633901","-"
1201901,"http://www.systembolaget.se/dryck/roda-viner/kleine-zalze-vineyard-selection-1201901","<3 g/l"
210501,"http://www.systembolaget.se/dryck/vita-viner/jean-biecher-brand-210501","14 g/l"
300001,"http://www.systembolaget.se/dryck/roda-viner/chateau-grandis-300001","<3 g/l"
657101,"http://www.systembolaget.se/dryck/roda-viner/lucas-amp-lewellen-657101","-"
211901,"http://www.systembolaget.se/dryck/vita-viner/pinot-gris-211901","8 g/l"
657301,"http://www.systembolaget.se/dryck/roda-viner/caravan-657301","3 g/l"
642001,"http://www.systembolaget.se/dryck/roda-viner/apothic-red-642001","14 g/l"
647101,"http://www.systembolaget.se/dryck/vita-viner/rodney-strong-647101","3 g/l"
286601,"http://www.systembolaget.se/dryck/vita-viner/heritages-cotes-du-rhone-blanc-286601","<3 g/l"
273601,"http://www.systembolaget.se/dryck/roda-viner/el-castro-de-valtuille-273601","<3 g/l"
256701,"http://www.systembolaget.se/dryck/roda-viner/siro-256701","<3,0 g/l"
201101,"http://www.systembolaget.se/dryck/roda-viner/cotes-du-rhone-201101","4 g/l"
7085601,"http://www.systembolaget.se/dryck/roda-viner/casa-vinironia-7085601","8 g/l"
7192601,"http://www.systembolaget.se/dryck/roda-viner/chateau-montelena-7192601","<3,0 g/l"
292201,"http://www.systembolaget.se/dryck/vita-viner/biohof-pratsch-292201","3 g/l"
7963501,"http://www.systembolaget.se/dryck/roda-viner/ernst-kirchsteigers-7963501","9 g/l"
538301,"http://www.systembolaget.se/dryck/vita-viner/chablis-538301","<3 g/l"
7966501,"http://www.systembolaget.se/dryck/vita-viner/maria-montazami-wine-collection-7966501","5 g/l"
7061901,"http://www.systembolaget.se/dryck/roda-viner/castiglion-del-bosco-7061901","<3 g/l"
7968701,"http://www.systembolaget.se/dryck/roda-viner/mas-janeil-7968701","4 g/l"
212502,"http://www.systembolaget.se/dryck/vita-viner/gardo-morris-212502","107 g/l"
7450301,"http://www.systembolaget.se/dryck/roda-viner/chateau-de-saint-cosme-7450301","<3 g/l"
204501,"http://www.systembolaget.se/dryck/roda-viner/biurko-204501","<3 g/l"
208301,"http://www.systembolaget.se/dryck/roda-viner/bloodstone-208301","<3 g/l"
200001,"http://www.systembolaget.se/dryck/vita-viner/novas-200001","<3,0 g/l"
7983601,"http://www.systembolaget.se/dryck/roda-viner/santa-tresa-capoccia-7983601","7 g/l"
304001,"http://www.systembolaget.se/dryck/roda-viner/tenuta-vignega-304001","10 g/l"
309701,"http://www.systembolaget.se/dryck/roda-viner/brunello-di-montalcino-309701","<3 g/l"
644701,"http://www.systembolaget.se/dryck/vita-viner/chateau-ste-michelle-644701","3 g/l"
312201,"http://www.systembolaget.se/dryck/roda-viner/terre-di-cariano-312201","13 g/l"
538501,"http://www.systembolaget.se/dryck/vita-viner/cami-salie-538501","<3,0 g/l"
315701,"http://www.systembolaget.se/dryck/roda-viner/chateau-tanesse-315701","<3,0 g/l"
266201,"http://www.systembolaget.se/dryck/roda-viner/ch-malavieille-alliance-266201","<3,0 g/l"
293301,"http://www.systembolaget.se/dryck/vita-viner/follas-novas-293301","<3 g/l"
316901,"http://www.systembolaget.se/dryck/roda-viner/amaltea-de-loxarel-316901","3 g/l"
461601,"http://www.systembolaget.se/dryck/vita-viner/tegernseerhof-461601","<3 g/l"
609001,"http://www.systembolaget.se/dryck/roda-viner/tajano-rosso-piceno-609001","5 g/l"
7992401,"http://www.systembolaget.se/dryck/roda-viner/ripanco-private-selection-7992401","9 g/l"
7992501,"http://www.systembolaget.se/dryck/vita-viner/l-chablis-7992501","<3 g/l"
7998101,"http://www.systembolaget.se/dryck/roda-viner/tavernello-collezione-7998101","5 g/l"
7928901,"http://www.systembolaget.se/dryck/vita-viner/tavernello-collezione-7928901","5 g/l"
7245801,"http://www.systembolaget.se/dryck/roda-viner/les-dauphins-7245801","<3 g/l"
693501,"http://www.systembolaget.se/dryck/vita-viner/blue-nun-693501","24 g/l"
7052601,"http://www.systembolaget.se/dryck/roda-viner/cotes-du-rhone-7052601","2 g/l"
242801,"http://www.systembolaget.se/dryck/roda-viner/the-big-zin-242801","7 g/l"
7330801,"http://www.systembolaget.se/dryck/roda-viner/plex-7330801","<3,0 g/l"
7322408,"http://www.systembolaget.se/dryck/roda-viner/zafrica-7322408","8 g/l"
7395508,"http://www.systembolaget.se/dryck/vita-viner/casa-rocca-7395508","<3 g/l"
240401,"http://www.systembolaget.se/dryck/vita-viner/orvieto-240401","17 g/l"
7050301,"http://www.systembolaget.se/dryck/roda-viner/chateauneuf-du-pape-7050301","<3 g/l"
233701,"http://www.systembolaget.se/dryck/roda-viner/montepulciano-dabruzzo-233701","3 g/l"
217701,"http://www.systembolaget.se/dryck/vita-viner/chablis-premier-cru-montee-de-tonnerre-217701","<3,0 g/l"
7907501,"http://www.systembolaget.se/dryck/roda-viner/montico-7907501","7 g/l"
535402,"http://www.systembolaget.se/dryck/roda-viner/tommasi-graticcio-appassionato-535402","9 g/l"
7004601,"http://www.systembolaget.se/dryck/roda-viner/maria-montazami-7004601","4 g/l"
7541601,"http://www.systembolaget.se/dryck/roda-viner/barone-montalto-7541601","20 g/l"
7465908,"http://www.systembolaget.se/dryck/roda-viner/the-wanted-zin-7465908","13 g/l"
222001,"http://www.systembolaget.se/dryck/roda-viner/stielle-222001","<3,0 g/l"
7434501,"http://www.systembolaget.se/dryck/roda-viner/antiche-terre-venete-7434501","7 g/l"
7461801,"http://www.systembolaget.se/dryck/roda-viner/masi-costasera-7461801","8 g/l"
7087001,"http://www.systembolaget.se/dryck/roda-viner/plura-svarta-tuppen-7087001","<3 g/l"
265901,"http://www.systembolaget.se/dryck/roda-viner/coto-de-imaz-265901","<3,0 g/l"
7636701,"http://www.systembolaget.se/dryck/roda-viner/ricossa-7636701","<3 g/l"
209401,"http://www.systembolaget.se/dryck/roda-viner/the-apprentice-209401","6 g/l"
204701,"http://www.systembolaget.se/dryck/roda-viner/african-noontide-204701","<3,0 g/l"
647301,"http://www.systembolaget.se/dryck/vita-viner/jacobs-creek-647301","<3,0 g/l"
7639601,"http://www.systembolaget.se/dryck/roda-viner/tina-montepulciano-dabruzzo-7639601","9 g/l"
643901,"http://www.systembolaget.se/dryck/vita-viner/four-oclock-643901","4 g/l"
206101,"http://www.systembolaget.se/dryck/roda-viner/the-grand-western-206101","<3,0 g/l"
762304,"http://www.systembolaget.se/dryck/vita-viner/gato-negro-762304","<3 g/l"
756401,"http://www.systembolaget.se/dryck/roda-viner/gato-negro-756401","<3 g/l"
756404,"http://www.systembolaget.se/dryck/roda-viner/gato-negro-756404","<3 g/l"
550001,"http://www.systembolaget.se/dryck/vita-viner/bourgogne-aligote-550001","<3 g/l"
600601,"http://www.systembolaget.se/dryck/vita-viner/mulderbosch-600601","<3,0 g/l"
627601,"http://www.systembolaget.se/dryck/vita-viner/the-crossings-627601","<3,0 g/l"
627608,"http://www.systembolaget.se/dryck/vita-viner/the-crossings-627608","<3,0 g/l"
231701,"http://www.systembolaget.se/dryck/roda-viner/chateauneuf-du-pape-231701","<3,0 g/l"
462201,"http://www.systembolaget.se/dryck/vita-viner/domane-wachau-462201","<3 g/l"
629808,"http://www.systembolaget.se/dryck/roda-viner/adobe-629808","<3 g/l"
602908,"http://www.systembolaget.se/dryck/vita-viner/torres-las-mulas-602908","<3 g/l"
603701,"http://www.systembolaget.se/dryck/vita-viner/la-trilla-603701","<3,0 g/l"
638001,"http://www.systembolaget.se/dryck/roda-viner/buena-vista-638001","<3,0 g/l"
244801,"http://www.systembolaget.se/dryck/vita-viner/cono-sur-244801","7 g/l"
246901,"http://www.systembolaget.se/dryck/roda-viner/les-pious-246901","<3 g/l"
7077401,"http://www.systembolaget.se/dryck/roda-viner/soprasasso-7077401","4 g/l"
281201,"http://www.systembolaget.se/dryck/vita-viner/montagny-premier-cru-les-coeres-281201","<3,0 g/l"
7668008,"http://www.systembolaget.se/dryck/roda-viner/ruby-zin-7668008","10 g/l"
215402,"http://www.systembolaget.se/dryck/vita-viner/chateau-baulac-dodijos-215402","105 g/l"
676808,"http://www.systembolaget.se/dryck/roda-viner/cerro-676808","3 g/l"
2307101,"http://www.systembolaget.se/dryck/roda-viner/barbera-dalba-2307101","5 g/l"
247901,"http://www.systembolaget.se/dryck/roda-viner/chateau-lermitage-247901","<3 g/l"
240201,"http://www.systembolaget.se/dryck/roda-viner/chateau-plince-240201","<3 g/l"
278001,"http://www.systembolaget.se/dryck/vita-viner/el-coto-278001","<3,0 g/l"
7138801,"http://www.systembolaget.se/dryck/roda-viner/antiche-terre-venete-7138801","8 g/l"
7106201,"http://www.systembolaget.se/dryck/roda-viner/fonterutoli-7106201","<3 g/l"
7272001,"http://www.systembolaget.se/dryck/roda-viner/zn-il-numero-uno-zinfandel-7272001","-"
7252601,"http://www.systembolaget.se/dryck/roda-viner/governo-7252601","11 g/l"
7284308,"http://www.systembolaget.se/dryck/roda-viner/i-castei-7284308","11 g/l"
7677701,"http://www.systembolaget.se/dryck/roda-viner/ti-amo-7677701","11 g/l"
7677801,"http://www.systembolaget.se/dryck/roda-viner/zupreme-7677801","-"
238908,"http://www.systembolaget.se/dryck/roda-viner/org-de-rac-238908","4 g/l"
7235001,"http://www.systembolaget.se/dryck/vita-viner/black-tower-7235001","26 g/l"
295401,"http://www.systembolaget.se/dryck/roda-viner/senorio-de-cuzcurrita-295401","<3,0 g/l"
7100201,"http://www.systembolaget.se/dryck/roda-viner/casa-capriolo-7100201","12 g/l"
605501,"http://www.systembolaget.se/dryck/vita-viner/estacion--605501","-"
462401,"http://www.systembolaget.se/dryck/roda-viner/gemtree-462401","3 g/l"
238707,"http://www.systembolaget.se/dryck/vita-viner/vernissage-238707","<3 g/l"
301601,"http://www.systembolaget.se/dryck/roda-viner/garnet-vineyards-301601","<3,0 g/l"
623108,"http://www.systembolaget.se/dryck/vita-viner/ecologica-623108","5 g/l"
226708,"http://www.systembolaget.se/dryck/vita-viner/brochet-facile-226708","<3,0 g/l"
539108,"http://www.systembolaget.se/dryck/vita-viner/tina-539108","<3,0 g/l"
539201,"http://www.systembolaget.se/dryck/vita-viner/petite-faiblesse-539201","5 g/l"
683201,"http://www.systembolaget.se/dryck/roda-viner/vinha-da-urze-683201","<3,0 g/l"
2201301,"http://www.systembolaget.se/dryck/roda-viner/barbaresco-2201301","<3,0 g/l"
2238201,"http://www.systembolaget.se/dryck/roda-viner/corte-giara-2238201","5 g/l"
219201,"http://www.systembolaget.se/dryck/vita-viner/pinot-gris-219201","15 g/l"
213501,"http://www.systembolaget.se/dryck/vita-viner/albert-schoech-213501","3 g/l"
1209401,"http://www.systembolaget.se/dryck/vita-viner/robertson-1209401","4 g/l"
241401,"http://www.systembolaget.se/dryck/vita-viner/tr-apor-241401","-"
629201,"http://www.systembolaget.se/dryck/roda-viner/gardo-amp-morris-629201","-"
629202,"http://www.systembolaget.se/dryck/roda-viner/gardo-amp-morris-629202","-"
7529201,"http://www.systembolaget.se/dryck/roda-viner/tommasi-surani-atlas-7529201","<3 g/l"
302401,"http://www.systembolaget.se/dryck/roda-viner/chateau-darsac-302401","<3 g/l"
634601,"http://www.systembolaget.se/dryck/roda-viner/castelforte-634601","7 g/l"
7518801,"http://www.systembolaget.se/dryck/roda-viner/antiche-terre-venete-7518801","7 g/l"
462601,"http://www.systembolaget.se/dryck/roda-viner/cote-de-nuits-villages-462601","<3,0 g/l"
239101,"http://www.systembolaget.se/dryck/vita-viner/collevite-239101","<3,0 g/l"
7500808,"http://www.systembolaget.se/dryck/roda-viner/smart-dog-7500808","8 g/l"
7487901,"http://www.systembolaget.se/dryck/vita-viner/plex-7487901","8 g/l"
7408701,"http://www.systembolaget.se/dryck/roda-viner/lynx-7408701","10 g/l"
1645701,"http://www.systembolaget.se/dryck/vita-viner/lindemans-1645701","6 g/l"
264501,"http://www.systembolaget.se/dryck/vita-viner/vidigal-264501","10 g/l"
7689501,"http://www.systembolaget.se/dryck/vita-viner/villa-maria-7689501","<3 g/l"
7045301,"http://www.systembolaget.se/dryck/roda-viner/roodeberg-7045301","<3 g/l"
209101,"http://www.systembolaget.se/dryck/vita-viner/jolie-fleur-209101","<3,0 g/l"
240301,"http://www.systembolaget.se/dryck/vita-viner/domaine-lafage-240301","<3,0 g/l"
836208,"http://www.systembolaget.se/dryck/roda-viner/mcmanis-836208","6 g/l"
281101,"http://www.systembolaget.se/dryck/roda-viner/chateau-mont-redon-281101","<3 g/l"
312801,"http://www.systembolaget.se/dryck/roda-viner/vieux-chateau-des-jouans-312801","<3,0 g/l"
7432801,"http://www.systembolaget.se/dryck/roda-viner/casa-vinironia-7432801","6 g/l"
7396601,"http://www.systembolaget.se/dryck/roda-viner/zensa-7396601","12 g/l"
220801,"http://www.systembolaget.se/dryck/roda-viner/ser-lapo-220801","<3 g/l"
7556001,"http://www.systembolaget.se/dryck/roda-viner/rendola-7556001","<3,0 g/l"
2234601,"http://www.systembolaget.se/dryck/roda-viner/barra-of-mendocino-2234601","<3 g/l"
624001,"http://www.systembolaget.se/dryck/vita-viner/buena-vista-624001","<3,0 g/l"
1239901,"http://www.systembolaget.se/dryck/roda-viner/sivas-sonoma-1239901","5 g/l"
7238501,"http://www.systembolaget.se/dryck/roda-viner/langhe-nebbiolo-7238501","<3 g/l"
683101,"http://www.systembolaget.se/dryck/roda-viner/barwang-683101","<3,0 g/l"
1068208,"http://www.systembolaget.se/dryck/roda-viner/terre-de-mistral-reserve-1068208","<3,0 g/l"
636401,"http://www.systembolaget.se/dryck/roda-viner/summerton-636401","7 g/l"
7253401,"http://www.systembolaget.se/dryck/roda-viner/amazin-7253401","13 g/l"
7431201,"http://www.systembolaget.se/dryck/roda-viner/lab-reserva-7431201","9 g/l"
7431208,"http://www.systembolaget.se/dryck/roda-viner/lab-reserva-7431208","9 g/l"
7434801,"http://www.systembolaget.se/dryck/roda-viner/pavillon-saint-pierre-reserve-7434801","<3,0 g/l"
288501,"http://www.systembolaget.se/dryck/vita-viner/rustenberg-288501","<3,0 g/l"
644601,"http://www.systembolaget.se/dryck/roda-viner/corralillo-644601","<3 g/l"
8041901,"http://www.systembolaget.se/dryck/roda-viner/heartwood-8041901","8 g/l"
8140101,"http://www.systembolaget.se/dryck/vita-viner/jean-biecher-8140101","8 g/l"
8160301,"http://www.systembolaget.se/dryck/roda-viner/vinistella-8160301","11 g/l"
721001,"http://www.systembolaget.se/dryck/vita-viner/kaseler-nieschen-riesling-spatlese-721001","69 g/l"
522201,"http://www.systembolaget.se/dryck/vita-viner/saint-veran-522201","<3 g/l"
432001,"http://www.systembolaget.se/dryck/vita-viner/steinschaden-432001","3 g/l"
270701,"http://www.systembolaget.se/dryck/roda-viner/aventino-old-vines-270701","<3,0 g/l"
237801,"http://www.systembolaget.se/dryck/roda-viner/don-jacobo-237801","<3,0 g/l"
220802,"http://www.systembolaget.se/dryck/roda-viner/ser-lapo-220802","<3,0 g/l"
539501,"http://www.systembolaget.se/dryck/roda-viner/gevrey-chambertin-la-justice-539501","<3,0 g/l"
289201,"http://www.systembolaget.se/dryck/roda-viner/domaine-maubernard-289201","<3,0 g/l"
1233001,"http://www.systembolaget.se/dryck/roda-viner/brunello-di-montalcino-la-fuga-1233001","<3,0 g/l"
644801,"http://www.systembolaget.se/dryck/vita-viner/lagarada-reserva-blanco-644801","<3,0 g/l"
1238001,"http://www.systembolaget.se/dryck/roda-viner/rendola-governo-1238001","12 g/l"
7159401,"http://www.systembolaget.se/dryck/roda-viner/lequilibrio-barbera-asti-7159401","5 g/l"
625301,"http://www.systembolaget.se/dryck/roda-viner/penfolds-koonunga-hill-625301","<3 g/l"
645801,"http://www.systembolaget.se/dryck/vita-viner/graso-645801","4 g/l"
268001,"http://www.systembolaget.se/dryck/roda-viner/manifesto-268001","6 g/l"
7823601,"http://www.systembolaget.se/dryck/roda-viner/gran-maestro-7823601","11 g/l"
7178601,"http://www.systembolaget.se/dryck/roda-viner/zensa-7178601","6 g/l"
557801,"http://www.systembolaget.se/dryck/roda-viner/atalon-557801","<3,0 g/l"
225701,"http://www.systembolaget.se/dryck/roda-viner/hawk-crest-225701","<3 g/l"
556301,"http://www.systembolaget.se/dryck/roda-viner/morgon-556301","<3,0 g/l"
215601,"http://www.systembolaget.se/dryck/roda-viner/anakena-215601","<3 g/l"
243101,"http://www.systembolaget.se/dryck/roda-viner/lourensford-reserve-243101","<3,0 g/l"
286301,"http://www.systembolaget.se/dryck/roda-viner/sonoma-hills-286301","3 g/l"
289701,"http://www.systembolaget.se/dryck/roda-viner/pike-amp-joyce-289701","-"
219501,"http://www.systembolaget.se/dryck/vita-viner/ingoldby-adelaide-hills-219501","<3,0 g/l"
319801,"http://www.systembolaget.se/dryck/roda-viner/kleine-zalze-319801","<3 g/l"
7311301,"http://www.systembolaget.se/dryck/roda-viner/san-polo-7311301","9 g/l"
300401,"http://www.systembolaget.se/dryck/vita-viner/chateau-suduiraut-300401","113 g/l"
302001,"http://www.systembolaget.se/dryck/roda-viner/arnaldo-b-302001","<3 g/l"
7382101,"http://www.systembolaget.se/dryck/roda-viner/campo-leon-7382101","10 g/l"
240701,"http://www.systembolaget.se/dryck/roda-viner/givry-premier-cru-clos-charle-240701","<3,0 g/l"
420201,"http://www.systembolaget.se/dryck/vita-viner/campillo-blanco-420201","<3 g/l"
240901,"http://www.systembolaget.se/dryck/roda-viner/chateau-moulin-caresse-240901","<3 g/l"
539801,"http://www.systembolaget.se/dryck/vita-viner/chablis-domaine-de-viviers-539801","<3,0 g/l"
7038401,"http://www.systembolaget.se/dryck/roda-viner/borgogno-7038401","6 g/l"
302701,"http://www.systembolaget.se/dryck/roda-viner/ribera-one-302701","-"
7021501,"http://www.systembolaget.se/dryck/roda-viner/bolla-le-poiane-7021501","8 g/l"
302808,"http://www.systembolaget.se/dryck/vita-viner/opal-springs-302808","7 g/l"
303101,"http://www.systembolaget.se/dryck/vita-viner/matua-303101","5 g/l"
207101,"http://www.systembolaget.se/dryck/roda-viner/la-fleur-de-haut-bages-liberal-207101","<3 g/l"
7477201,"http://www.systembolaget.se/dryck/roda-viner/chunky-red-7477201","12 g/l"
601701,"http://www.systembolaget.se/dryck/vita-viner/chateau-de-la-mulonniere-601701","<3 g/l"
303401,"http://www.systembolaget.se/dryck/roda-viner/casa-vinironia-palloncino-303401","4 g/l"
7836001,"http://www.systembolaget.se/dryck/vita-viner/perfect-day-7836001","<3,0 g/l"
658108,"http://www.systembolaget.se/dryck/roda-viner/cameleon-658108","3 g/l"
7484106,"http://www.systembolaget.se/dryck/roda-viner/brunello-di-montalcino-7484106","<3 g/l"
7668001,"http://www.systembolaget.se/dryck/roda-viner/ruby-zin-7668001","12 g/l"
7063101,"http://www.systembolaget.se/dryck/vita-viner/chablis-le-finage-7063101","<3 g/l"
7840501,"http://www.systembolaget.se/dryck/roda-viner/black-tower-7840501","13 g/l"
7429901,"http://www.systembolaget.se/dryck/roda-viner/prohibition-7429901","10 g/l"
7107501,"http://www.systembolaget.se/dryck/roda-viner/plex-appassivo-7107501","7 g/l"
303701,"http://www.systembolaget.se/dryck/roda-viner/irmaos-tinto-303701","<3 g/l"
463201,"http://www.systembolaget.se/dryck/roda-viner/finca-antigua-463201","3 g/l"
7022701,"http://www.systembolaget.se/dryck/roda-viner/barolo-fontanafredda-7022701","<3 g/l"
7099804,"http://www.systembolaget.se/dryck/roda-viner/ohh-7099804","<3,0 g/l"
7098104,"http://www.systembolaget.se/dryck/vita-viner/ohh-7098104","<3 g/l"
226808,"http://www.systembolaget.se/dryck/vita-viner/fairview-226808","<3 g/l"
7537201,"http://www.systembolaget.se/dryck/roda-viner/cellier-des-chartreux-7537201","<3 g/l"
600801,"http://www.systembolaget.se/dryck/roda-viner/barefoot-600801","4 g/l"
7542101,"http://www.systembolaget.se/dryck/roda-viner/brunello-di-montalcino-7542101","<3 g/l"
630706,"http://www.systembolaget.se/dryck/vita-viner/chablis-630706","<3 g/l"
7297701,"http://www.systembolaget.se/dryck/roda-viner/grillo-7297701","8 g/l"
